fuel,fuel1,fuel2,brake power ,heat power ,efficiency,mass_0f_fuel1,mass_of_fuel2,tota1
Butanol 10,28.18,2.818,5.2,17.36958652,29.93738506,0.0004499406667,0.00003811814667,0.0004880588133
,27.43,2.743,5.2,16.90730157,30.7559428,0.0004379656667,0.00003710364667,0.0004750693133
,26.28,2.628,5.2,16.19846465,32.10180787,0.000419604,0.00003554808,0.00045515208
,33.83,3.383,5.2,20.85213314,24.93749663,0.0005401523333,0.00004576071333,0.0005859130467
,27.756,2.7756,5.2,17.10824143,30.39470785,0.0004431708,0.000037544616,0.000480715416
,26.955,2.6955,5.2,16.6145211,31.29792287,0.0004303815,0.00003646113,0.00046684263
,28.042,2.8042,5.2,17.28452609,30.08471261,0.0004477372667,0.00003793147867,0.0004856687453
,35.945,3.5945,5.2,22.1557767,23.47017696,0.0005739218333,0.00004862160333,0.0006225434367
,24.288,2.4288,5.2,14.97063582,34.73466366,0.0003877984,0.000032853568,0.000420651968
,25.298,2.5298,5.2,15.59317955,33.34791331,0.0004039247333,0.00003421976133,0.0004381444947
,30.807,3.0807,5.2,18.98881661,27.38453958,0.0004918851,0.000041671602,0.000533556702
,25.935,2.5935,5.2,15.98581357,32.52884176,0.0004140955,0.00003508141,0.00044917691
,33.264,3.3264,5.2,20.5032621,25.36181791,0.0005311152,0.000044995104,0.000576110304
,29.072,2.9072,5.2,17.91939742,29.01883293,0.0004641829333,0.00003932472533,0.0005035076587
,24.983,2.4983,5.2,15.39901987,33.76838294,0.0003988952333,0.00003379367133,0.0004326889047
,32.508,3.2508,5.2,20.03727887,25.95162763,0.0005190444,0.000043972488,0.000563016888
,27.12,2.712,5.2,16.71622379,31.10750409,0.000433016,0.00003668432,0.00046970032
,25.935,2.5935,5.2,15.98581357,32.52884176,0.0004140955,0.00003508141,0.00044917691
,,,,,,0,0,0
Diesel,28.18,0,5.2,16.7671,31.01311497,0.00039452,0,0.00039452
,27.43,0,5.2,16.32085,31.86108567,0.00038402,0,0.00038402
,28.18,0,5.2,15.6366,33.25531126,0.00039452,0,0.00039452
,33.83,0,5.2,20.12885,25.83356724,0.00047362,0,0.00047362
,27.756,0,5.2,16.51482,31.48687058,0.000388584,0,0.000388584
,26.955,0,5.2,16.038225,32.42254052,0.00037737,0,0.00037737
,28.042,0,5.2,16.68499,31.16573639,0.000392588,0,0.000392588
,35.945,0,5.2,21.387275,24.31352288,0.00050323,0,0.00050323
,25.298,0,5.2,15.05231,34.54619258,0.000354172,0,0.000354172
,30.807,0,5.2,18.330165,28.36853896,0.000431298,0,0.000431298
,25.935,0,5.2,15.431325,33.6976896,0.00036309,0,0.00036309
,33.264,0,5.2,19.79208,26.27313552,0.000465696,0,0.000465696
,29.072,0,5.2,17.29784,30.06155682,0.000407008,0,0.000407008
,24.983,0,5.2,14.864885,34.9817708,0.000349762,0,0.000349762
,32.508,0,5.2,19.34226,26.88413867,0.000455112,0,0.000455112
,27.12,0,5.2,16.1364,32.22527949,0.00037968,0,0.00037968
,25.935,0,5.2,15.431325,33.6976896,0.00036309,0,0.00036309
,,,,,,0,0,0
CNSL,28.18,0,5.2,16.10787587,32.28234463,0.0004499406667,0,0.0004499406667
,27.43,0,5.2,15.67917087,33.16501902,0.0004379656667,0,0.0004379656667
,26.28,0,5.2,15.0218232,34.6163041,0.000419604,0,0.000419604
,33.83,0,5.2,19.33745353,26.89082092,0.0005401523333,0,0.0005401523333
,27.756,0,5.2,15.86551464,32.77548896,0.0004431708,0,0.0004431708
,26.955,0,5.2,15.4076577,33.74945174,0.0004303815,0,0.0004303815
,28.042,0,5.2,16.02899415,32.44121217,0.0004477372667,0,0.0004477372667
,35.945,0,5.2,20.54640163,25.30856786,0.0005739218333,0,0.0005739218333
,30.807,0,5.2,17.60948658,29.52953782,0.0004918851,0,0.0004918851
,33.264,0,5.2,19.01392416,27.34837878,0.0005311152,0,0.0005311152
,29.072,0,5.2,16.61774901,31.29184341,0.0004641829333,0,0.0004641829333
,32.508,0,5.2,18.58178952,27.98438759,0.0005190444,0,0.0005190444
,27.12,0,5.2,15.5019728,33.54411769,0.000433016,0,0.000433016
,,,,,,0,0,0
CNSOME,28.18,0,5.2,16.34710528,31.8099132,0.0004257058667,0,0.0004257058667
,27.43,0,5.2,15.91203328,32.67967021,0.0004143758667,0,0.0004143758667
,26.28,0,5.2,15.24492288,34.10971666,0.0003970032,0,0.0003970032
,33.83,0,5.2,19.62464768,26.49729098,0.0005110585333,0,0.0005110585333
,27.756,0,5.2,16.10114458,32.29584068,0.00041930064,0,0.00041930064
,26.955,0,5.2,15.63648768,33.25555014,0.0004072002,0,0.0004072002
,28.042,0,5.2,16.26705203,31.96645581,0.0004236211467,0,0.0004236211467
,35.945,0,5.2,20.85155072,24.93819318,0.0005430091333,0,0.0005430091333
,30.807,0,5.2,17.87101747,29.09739195,0.00046539108,0,0.00046539108
,25.935,0,5.2,15.04478976,34.56346073,0.0003917914,0,0.0003917914
,33.264,0,5.2,19.29631334,26.94815278,0.00050250816,0,0.00050250816
,29.072,0,5.2,16.86455091,30.83390733,0.0004391810133,0,0.0004391810133
,32.508,0,5.2,18.85776077,27.574854,0.00049108752,0,0.00049108752
,27.12,0,5.2,15.73220352,33.05322102,0.0004096928,0,0.0004096928
,25.935,0,5.2,15.04478976,34.56346073,0.0003917914,0,0.0003917914
,,,,,,0,0,0
BUTANOL 20,28.18,5.636,5.2,18.63129718,27.91002661,0.0004499406667,0.00007623629333,0.00052617696
,27.43,5.486,5.2,18.13543228,28.67315166,0.0004379656667,0.00007420729333,0.00051217296
,26.28,5.256,5.2,17.3751061,29.92787481,0.000419604,0.00007109616,0.00049070016
,33.83,6.766,5.2,22.36681276,23.24873041,0.0005401523333,0.00009152142667,0.00063167376
,27.756,5.5512,5.2,18.35096822,28.33637952,0.0004431708,0.000075089232,0.000518260032
,26.955,5.391,5.2,17.82138451,29.17842886,0.0004303815,0.00007292226,0.00050330376
,23.429,4.6858,5.2,15.49015832,33.56970208,0.0003740830333,0.00006338325467,0.000437466288
,28.042,5.6084,5.2,18.54005803,28.04737715,0.0004477372667,0.00007586295733,0.000523600224
,24.288,4.8576,5.2,16.05808892,32.38243371,0.0003877984,0.000065707136,0.000453505536
,25.298,5.0596,5.2,16.72585365,31.08959404,0.0004039247333,0.00006843952267,0.000472364256
,30.807,6.1614,5.2,20.36814663,25.53005972,0.0004918851,0.000083343204,0.000575228304
,22.616,4.5232,5.2,14.95264077,34.77646577,0.0003611021333,0.00006118381867,0.000422285952
,25.935,5.187,5.2,17.14700824,30.32598997,0.0004140955,0.00007016282,0.00048425832
,23.886,4.7772,5.2,15.79230534,32.9274282,0.0003813798,0.000064619592,0.000445999392
,33.264,6.6528,5.2,21.99260004,23.64431668,0.0005311152,0.000089990208,0.000621105408
,29.072,5.8144,5.2,19.22104583,27.0536788,0.0004641829333,0.00007864945067,0.000542832384
,24.983,4.9966,5.2,16.5175904,31.48158948,0.0003988952333,0.00006758734267,0.000466482576
,32.508,6.5016,5.2,21.49276823,24.19418451,0.0005190444,0.000087944976,0.000606989376
,27.12,5.424,5.2,17.93047478,29.00090523,0.000433016,0.00007336864,0.00050638464
,25.935,5.187,5.2,17.14700824,30.32598997,0.0004140955,0.00007016282,0.00048425832
,,,,,,0,0,0
BUTAOL 30,28.18,8.454,5.2,19.89300783,26.1398379,0.0004499406667,0.00011435444,0.0005642951067
,27.43,8.229,5.2,19.36356298,26.85456187,0.0004379656667,0.00011131094,0.0005492766067
,26.28,7.884,5.2,18.55174754,28.02970441,0.000419604,0.00010664424,0.00052624824
,22.041,6.6123,5.2,15.55932525,33.42047239,0.0003519213,0.000089442378,0.000441363678
,27.756,8.3268,5.2,19.59369501,26.53914944,0.0004431708,0.000112633848,0.000555804648
,26.955,8.0865,5.2,19.02824791,27.32779195,0.0004303815,0.00010938339,0.00053976489
,22.4,6.72,5.2,15.81275285,32.88484964,0.0003576533333,0.0000908992,0.0004485525333
,23.429,7.0287,5.2,16.53915119,31.4405494,0.0003740830333,0.000095074882,0.0004691579153
,21.522,6.4566,5.2,15.19294942,34.22640238,0.0003436346,0.000087336276,0.000430970876
,28.042,8.4126,5.2,19.79558998,26.268477,0.0004477372667,0.000113794436,0.0005615317027
,24.288,7.2864,5.2,17.14554202,30.32858333,0.0003877984,0.000098560704,0.000486359104
,25.298,7.5894,5.2,17.85852775,29.1177418,0.0004039247333,0.000102659284,0.0005065840173
,30.807,9.2421,5.2,21.74747666,23.91082001,0.0004918851,0.000125014806,0.000616899906
,22.616,6.7848,5.2,15.96523297,32.57077432,0.0003611021333,0.000091775728,0.0004528778613
,25.935,7.7805,5.2,18.30820291,28.40256919,0.0004140955,0.00010524423,0.00051933973
,22.008,6.6024,5.2,15.53602968,33.47058488,0.0003513944,0.000089308464,0.000440702864
,23.886,7.1658,5.2,16.86175958,30.83901164,0.0003813798,0.000096929388,0.000478309188
,29.072,8.7216,5.2,20.52269424,25.3378038,0.0004641829333,0.000117974176,0.0005821571093
,24.983,7.4949,5.2,17.63616092,29.48487499,0.0003988952333,0.000101381014,0.0005002762473
,27.12,8.136,5.2,19.14472578,27.16152773,0.000433016,0.00011005296,0.00054306896
,25.935,7.7805,5.2,18.30820291,28.40256919,0.0004140955,0.00010524423,0.00051933973
,,,,,,0,0,0
BUTANOL 40,20.11,8.044,5.2,15.09657164,34.4449066,0.0003210896667,0.0001088085067,0.0004298981733
,28.18,11.272,5.2,21.15471849,24.58080453,0.0004499406667,0.0001524725867,0.0006024132533
,20.49,8.196,5.2,15.38183754,33.80610404,0.000327157,0.00011086456,0.00043802156
,27.43,10.972,5.2,20.59169369,25.2529009,0.0004379656667,0.0001484145867,0.0005863802533
,26.28,10.512,5.2,19.72838899,26.35795554,0.000419604,0.00014219232,0.00056179632
,22.041,8.8164,5.2,16.54617282,31.4272071,0.0003519213,0.000119256504,0.000471177804
,27.756,11.1024,5.2,20.8364218,24.95630032,0.0004431708,0.000150178464,0.000593349264
,26.955,10.782,5.2,20.23511131,25.69790657,0.0004303815,0.00014584452,0.00057622602
,22.4,8.96,5.2,16.81567403,30.92352999,0.0003576533333,0.0001211989333,0.0004788522667
,23.429,9.3716,5.2,17.58814405,29.56537077,0.0003740830333,0.0001267665093,0.0005008495427
,21.522,8.6088,5.2,16.15655966,32.18506977,0.0003436346,0.000116448368,0.000460082968
,20.86,8.344,5.2,15.65959644,33.20647515,0.0003330646667,0.0001128665067,0.0004459311733
,28.042,11.2168,5.2,21.05112192,24.70177133,0.0004477372667,0.0001517259147,0.0005994631813
,24.288,9.7152,5.2,18.23299512,28.51972462,0.0003877984,0.000131414272,0.000519212672
,25.298,10.1192,5.2,18.99120185,27.38110015,0.0004039247333,0.0001368790453,0.0005408037787
,20.421,8.1684,5.2,15.33003925,33.92033062,0.0003260553,0.000110491224,0.000436546524
,22.616,9.0464,5.2,16.97782517,30.62818676,0.0003611021333,0.0001223676373,0.0004834697707
,20.848,8.3392,5.2,15.65058804,33.22558863,0.0003328730667,0.0001128015787,0.0004456746453
,20.958,8.3832,5.2,15.73316501,33.05120105,0.0003346294,0.000113396752,0.000448026152
,25.935,10.374,5.2,19.46939758,26.7085819,0.0004140955,0.00014032564,0.00055442114
,20.972,8.3888,5.2,15.74367481,33.0291375,0.0003348529333,0.0001134725013,0.0004483254347
,22.008,8.8032,5.2,16.52139973,31.47433077,0.0003513944,0.000119077952,0.000470472352
,23.886,9.5544,5.2,17.93121383,28.99970994,0.0003813798,0.000129239184,0.000510618984
,20.584,8.2336,5.2,15.45240331,33.65172327,0.0003286578667,0.0001113731627,0.0004400310293
,29.072,11.6288,5.2,21.82434265,23.82660538,0.0004641829333,0.0001572989013,0.0006214818347
,24.983,9.9932,5.2,18.75473144,27.72633678,0.0003988952333,0.0001351746853,0.0005340699187
,27.12,10.848,5.2,20.35897677,25.54155869,0.000433016,0.00014673728,0.00057975328
,25.935,10.374,5.2,19.46939758,26.7085819,0.0004140955,0.00014032564,0.00055442114
,,,,,,0,0,0
METHANOL 10,28.18,2.818,5.2,16.83679853,30.88473138,0.0004499406667,0.00003644613333,0.0004863868
,27.43,2.743,5.2,16.38869353,31.72919177,0.0004379656667,0.00003547613333,0.0004734418
,26.28,2.628,5.2,15.7015992,33.11764575,0.000419604,0.0000339888,0.0004535928
,33.83,3.383,5.2,20.21252287,25.72662519,0.0005401523333,0.00004375346667,0.0005839058
,27.756,2.7756,5.2,16.58346984,31.35652581,0.0004431708,0.00003589776,0.00047906856
,26.955,2.6955,5.2,16.1048937,32.2883224,0.0004303815,0.0000348618,0.0004652433
,28.042,2.8042,5.2,16.75434721,31.036721,0.0004477372667,0.00003626765333,0.00048400492
,35.945,3.5945,5.2,21.47617897,24.21287329,0.0005739218333,0.00004648886667,0.0006204107
,25.298,2.5298,5.2,15.11488039,34.40318327,0.0004039247333,0.00003271874667,0.00043664348
,30.807,3.0807,5.2,18.40636098,28.25110301,0.0004918851,0.00003984372,0.00053172882
,25.935,2.5935,5.2,15.4954709,33.5581928,0.0004140955,0.0000335426,0.0004476381
,33.264,3.3264,5.2,19.87435296,26.16437381,0.0005311152,0.00004302144,0.00057413664
,29.072,2.9072,5.2,17.36974475,29.93711235,0.0004641829333,0.00003759978667,0.00050178272
,24.983,2.4983,5.2,14.92667629,34.83695834,0.0003988952333,0.00003231134667,0.00043120658
,32.508,3.2508,5.2,19.42266312,26.77284762,0.0005190444,0.00004204368,0.00056108808
,27.12,2.712,5.2,16.2034768,32.09187796,0.000433016,0.0000350752,0.0004680912
,25.935,2.5935,5.2,15.4954709,33.5581928,0.0004140955,0.0000335426,0.0004476381
,,,,,,0,0,0
METANOL 20,28.18,5.636,5.2,17.5657212,29.60311131,0.0004499406667,0.00007289226667,0.0005228329333
,27.43,5.486,5.2,17.0982162,30.41252923,0.0004379656667,0.00007095226667,0.0005089179333
,26.28,5.256,5.2,16.3813752,31.7433667,0.000419604,0.0000679776,0.0004875816
,33.83,6.766,5.2,21.0875922,24.65905045,0.0005401523333,0.00008750693333,0.0006276592667
,27.756,5.5512,5.2,17.30142504,30.05532774,0.0004431708,0.00007179552,0.00051496632
,26.955,5.391,5.2,16.8021297,30.94845768,0.0004303815,0.0000697236,0.0005001051
,28.042,5.6084,5.2,17.47970028,29.74879384,0.0004477372667,0.00007253530667,0.0005202725733
,35.945,7.189,5.2,22.4059563,23.20811453,0.0005739218333,0.00009297773333,0.0006668995667
,24.288,4.8576,5.2,15.13968192,34.34682464,0.0003877984,0.00006282496,0.00045062336
,25.298,5.0596,5.2,15.76925532,32.97555842,0.0004039247333,0.00006543749333,0.0004693622267
,30.807,6.1614,5.2,19.20323538,27.07877031,0.0004918851,0.00007968744,0.00057157254
,25.935,5.187,5.2,16.1663229,32.16563242,0.0004140955,0.0000670852,0.0004811807
,23.886,4.7772,5.2,14.88909924,34.92487971,0.0003813798,0.00006178512,0.00044316492
,33.264,6.6528,5.2,20.73478176,25.07863386,0.0005311152,0.00008604288,0.00061715808
,29.072,5.8144,5.2,18.12174048,28.69481552,0.0004641829333,0.00007519957333,0.0005393825067
,24.983,4.9966,5.2,15.57290322,33.39133318,0.0003988952333,0.00006462269333,0.0004635179267
,32.508,6.5016,5.2,20.26353672,25.66185791,0.0005190444,0.00008408736,0.00060313176
,27.12,5.424,5.2,16.9049808,30.76016508,0.000433016,0.0000701504,0.0005031664
,25.935,5.187,5.2,16.1663229,32.16563242,0.0004140955,0.0000670852,0.0004811807
,,,,,,0,0,0
METHANOL 30,28.18,8.454,5.2,18.29464387,28.42361971,0.0004499406667,0.0001093384,0.0005592790667
,27.43,8.229,5.2,17.80773887,29.20078758,0.0004379656667,0.0001064284,0.0005443940667
,26.28,7.884,5.2,17.0611512,30.47859983,0.000419604,0.0001019664,0.0005215704
,33.83,10.149,5.2,21.96266153,23.67654754,0.0005401523333,0.0001312604,0.0006714127333
,27.756,8.3268,5.2,18.01938024,28.85781825,0.0004431708,0.00010769328,0.00055086408
,26.955,8.0865,5.2,17.4993657,29.71536277,0.0004303815,0.0001045854,0.0005349669
,23.429,7.0287,5.2,15.21026299,34.18744306,0.0003740830333,0.00009090452,0.0004649875533
,28.042,8.4126,5.2,18.20505335,28.56349773,0.0004477372667,0.00010880296,0.0005565402267
,24.288,7.2864,5.2,15.76793152,32.97832689,0.0003877984,0.00009423744,0.00048203584
,25.298,7.5894,5.2,16.42363025,31.66169671,0.0004039247333,0.00009815624,0.0005020809733
,30.807,9.2421,5.2,20.00010978,25.99985729,0.0004918851,0.00011953116,0.00061141626
,25.935,7.7805,5.2,16.8371749,30.884041,0.0004140955,0.0001006278,0.0005147233
,23.886,7.1658,5.2,15.50695044,33.53335022,0.0003813798,0.00009267768,0.00047405748
,33.264,9.9792,5.2,21.59521056,24.07941328,0.0005311152,0.00012906432,0.00066017952
,29.072,8.7216,5.2,18.87373621,27.5515136,0.0004641829333,0.00011279936,0.0005769822933
,24.983,7.4949,5.2,16.21913015,32.06090555,0.0003988952333,0.00009693404,0.0004958292733
,32.508,9.7524,5.2,21.10441032,24.63939964,0.0005190444,0.00012613104,0.00064517544
,27.12,8.136,5.2,17.6064848,29.5345724,0.000433016,0.0001052256,0.0005382416
,25.935,7.7805,5.2,16.8371749,30.884041,0.0004140955,0.0001006278,0.0005147233
,,,,,,0,0,0
METHANOL 40,28.18,11.272,5.2,19.02356653,27.33451685,0.0004499406667,0.0001457845333,0.0005957252
,27.43,10.972,5.2,18.51726153,28.08190612,0.0004379656667,0.0001419045333,0.0005798702
,26.28,10.512,5.2,17.7409272,29.31075666,0.000419604,0.0001359552,0.0005555592
,22.041,8.8164,5.2,14.87929134,34.94790095,0.0003519213,0.00011402544,0.00046594674
,27.756,11.1024,5.2,18.73733544,27.75207829,0.0004431708,0.00014359104,0.00058676184
,26.955,10.782,5.2,18.1966017,28.57676442,0.0004303815,0.0001394472,0.0005698287
,22.4,8.96,5.2,15.12164267,34.38779843,0.0003576533333,0.0001158826667,0.000473536
,23.429,9.3716,5.2,15.81629313,32.87748879,0.0003740830333,0.0001212060267,0.00049528906
,28.042,11.2168,5.2,18.93040641,27.46903519,0.0004477372667,0.0001450706133,0.00059280788
,24.288,9.7152,5.2,16.39618112,31.71470211,0.0003877984,0.00012564992,0.00051344832
,25.298,10.1192,5.2,17.07800519,30.44852103,0.0004039247333,0.0001308749867,0.00053479972
,30.807,12.3228,5.2,20.79698418,25.00362531,0.0004918851,0.00015937488,0.00065125998
,22.616,9.0464,5.2,15.26745851,34.05936881,0.0003611021333,0.0001170001067,0.00047810224
,25.935,10.374,5.2,17.5080269,29.70066261,0.0004140955,0.0001341704,0.0005482659
,23.886,9.5544,5.2,16.12480164,32.24845872,0.0003813798,0.00012357024,0.00050495004
,33.264,13.3056,5.2,22.45563936,23.15676662,0.0005311152,0.00017208576,0.00070320096
,29.072,11.6288,5.2,19.62573195,26.49582708,0.0004641829333,0.0001503991467,0.00061458208
,24.983,9.9932,5.2,16.86535709,30.83243345,0.0003988952333,0.0001292453867,0.00052814062
,32.508,13.0032,5.2,21.94528392,23.69529608,0.0005190444,0.00016817472,0.00068721912
,27.12,10.848,5.2,18.3079888,28.40290136,0.000433016,0.0001403008,0.0005733168
,25.935,10.374,5.2,17.5080269,29.70066261,0.0004140955,0.0001341704,0.0005482659
,,,,,,0,0,0
COCO 10,28.18,2.818,5.2,17.70240406,29.37454134,0.0004499406667,0.00004297919667,0.0004929198633
,27.43,2.743,5.2,17.2312613,30.17770963,0.0004379656667,0.00004183532167,0.0004798009883
,26.28,2.628,5.2,16.5088424,31.4982715,0.000419604,0.00004008138,0.00045968538
,33.83,3.383,5.2,21.25167954,24.4686543,0.0005401523333,0.00005159638833,0.0005917487217
,27.756,2.7756,5.2,17.43605135,29.82326614,0.0004431708,0.000042332526,0.000485503326
,26.955,2.6955,5.2,16.93287088,30.70950009,0.0004303815,0.0000411108675,0.0004714923675
,28.042,2.8042,5.2,17.61571379,29.51909903,0.0004477372667,0.00004276872367,0.0004905059903
,35.945,3.5945,5.2,22.58030213,23.02892127,0.0005739218333,0.00005482211583,0.0006287439492
,24.288,2.4288,5.2,15.25748722,34.08162776,0.0003877984,0.000037043248,0.000424841648
,25.298,2.5298,5.2,15.89195947,32.72094929,0.0004039247333,0.00003858366633,0.0004425083997
,30.807,3.0807,5.2,19.35266011,26.86969114,0.0004918851,0.0000469858095,0.0005388709095
,25.935,2.5935,5.2,16.29211673,31.91727685,0.0004140955,0.0000395551975,0.0004536506975
,23.886,2.3886,5.2,15.0049547,34.65521959,0.0003813798,0.000036430131,0.000417809931
,33.264,3.3264,5.2,20.8961238,24.88499805,0.0005311152,0.000050733144,0.000581848344
,29.072,2.9072,5.2,18.26274986,28.47325863,0.0004641829333,0.00004433964533,0.0005085225787
,24.983,2.4983,5.2,15.69407951,33.13351379,0.0003988952333,0.00003810323883,0.0004369984722
,32.508,3.2508,5.2,20.4212119,25.46371893,0.0005190444,0.000049580118,0.000568624518
,27.12,2.712,5.2,17.03652229,30.52266132,0.000433016,0.00004136252,0.00047437852
,25.935,2.5935,5.2,16.29211673,31.91727685,0.0004140955,0.0000395551975,0.0004536506975
,,,,,,0,0,0
COCO 20,28.18,5.636,5.2,19.29693226,26.94728846,0.0004499406667,0.00008595839333,0.00053589906
,27.43,5.486,5.2,18.78335173,27.68409,0.0004379656667,0.00008367064333,0.00052163631
,26.28,5.256,5.2,17.9958616,28.8955323,0.000419604,0.00008016276,0.00049976676
,22.041,4.4082,5.2,15.09310447,34.45281924,0.0003519213,0.000067232397,0.000419153697
,27.756,5.5512,5.2,19.00658807,27.3589346,0.0004431708,0.000084665052,0.000527835852
,26.955,5.391,5.2,18.45808407,28.171938,0.0004303815,0.000082221735,0.000512603235
,22.4,4.48,5.2,15.33893835,33.90065129,0.0003576533333,0.00006832746667,0.0004259808
,23.429,4.6858,5.2,16.04357083,32.41173711,0.0003740830333,0.00007146625967,0.000445549293
,28.042,5.6084,5.2,19.20243344,27.07990118,0.0004477372667,0.00008553744733,0.000533274714
,24.288,4.8576,5.2,16.63179172,31.26542279,0.0003877984,0.000074086496,0.000461884896
,25.298,5.0596,5.2,17.3234135,30.01717878,0.0004039247333,0.00007716733267,0.000481092066
,30.807,6.1614,5.2,21.09583364,24.64941698,0.0004918851,0.000093971619,0.000585856719
,22.616,4.5232,5.2,15.48684954,33.57687428,0.0003611021333,0.00006898633867,0.000430088472
,25.935,5.187,5.2,17.75961455,29.27991474,0.0004140955,0.000079110395,0.000493205895
,22.008,4.4016,5.2,15.07050693,34.50447968,0.0003513944,0.000067131736,0.000418526136
,23.886,4.7772,5.2,16.35651256,31.79161805,0.0003813798,0.000072860262,0.000454240062
,29.072,5.8144,5.2,19.9077507,26.1204798,0.0004641829333,0.00008867929067,0.000552862224
,24.983,4.9966,5.2,17.10770967,30.3956526,0.0003988952333,0.00007620647767,0.000475101711
,32.508,6.5016,5.2,22.26063428,23.3596219,0.0005190444,0.000099160236,0.000618204636
,27.12,5.424,5.2,18.57107178,28.00053794,0.000433016,0.00008272504,0.00051574104
,25.935,5.187,5.2,17.75961455,29.27991474,0.0004140955,0.000079110395,0.000493205895
,,,,,,0,0,0
COCO 30,20.11,6.033,5.2,14.90870368,34.87895468,0.0003210896667,0.000092013305,0.0004131029717
,28.18,8.454,5.2,20.89146046,24.89055282,0.0004499406667,0.00012893759,0.0005788782567
,20.49,6.147,5.2,15.19041961,34.23210242,0.000327157,0.000093751995,0.000420908995
,27.43,8.229,5.2,20.33544217,25.57111843,0.0004379656667,0.000125505965,0.0005634716317
,26.28,7.884,5.2,19.48288079,26.69009812,0.000419604,0.00012024414,0.00053984814
,22.041,6.6123,5.2,16.34026543,31.82322846,0.0003519213,0.0001008485955,0.0004527698955
,27.756,8.3268,5.2,20.57712478,25.27078032,0.0004431708,0.000126997578,0.000570168378
,26.955,8.0865,5.2,19.98329725,26.02173172,0.0004303815,0.0001233326025,0.0005537141025
,22.4,6.72,5.2,16.60641285,31.3132044,0.0003576533333,0.0001024912,0.0004601445333
,23.429,7.0287,5.2,17.36926994,29.93793071,0.0003740830333,0.0001071993895,0.0004812824228
,21.522,6.4566,5.2,15.95550078,32.59064114,0.0003436346,0.000098473911,0.000442108511
,20.86,6.258,5.2,15.46472197,33.62491747,0.0003330646667,0.00009544493,0.0004285095967
,28.042,8.4126,5.2,20.78915309,25.01304395,0.0004477372667,0.000128306171,0.0005760434377
,24.288,7.2864,5.2,18.00609622,28.87910814,0.0003877984,0.000111129744,0.000498928144
,25.298,7.5894,5.2,18.75486752,27.7261356,0.0004039247333,0.000115750999,0.0005196757323
,20.421,6.1263,5.2,15.13926593,34.3477684,0.0003260553,0.0000934362855,0.0004194915855
,22.616,6.7848,5.2,16.76654612,31.01413948,0.0003611021333,0.000103479508,0.0004645816413
,20.848,6.2544,5.2,15.45582568,33.6442718,0.0003328730667,0.000095390024,0.0004282630907
,20.958,6.2874,5.2,15.53737503,33.46768673,0.0003346294,0.000095893329,0.000430522729
,25.935,7.7805,5.2,19.22711238,27.0451428,0.0004140955,0.0001186655925,0.0005327610925
,20.972,6.2916,5.2,15.54775403,33.44534515,0.0003348529333,0.000095957386,0.0004308103193
,22.008,6.6024,5.2,16.31580063,31.87094595,0.0003513944,0.000100697604,0.000452092004
,23.886,7.1658,5.2,17.70807042,29.36514186,0.0003813798,0.000109290393,0.000490670193
,20.584,6.1752,5.2,15.26010724,34.07577626,0.0003286578667,0.000094182092,0.0004228399587
,29.072,8.7216,5.2,21.55275154,24.12684984,0.0004641829333,0.000133018936,0.0005972018693
,24.983,7.4949,5.2,18.52133984,28.07572263,0.0003988952333,0.0001143097165,0.0005132049498
,27.12,8.136,5.2,20.10562128,25.86341366,0.000433016,0.00012408756,0.00055710356
,25.935,7.7805,5.2,19.22711238,27.0451428,0.0004140955,0.0001186655925,0.0005327610925
,,,,,,0,0,0
,,,,,,0,0,0
COCO 40,20.11,8.044,5.2,16.04660155,32.4056155,0.0003210896667,0.0001226844067,0.0004437740733
,28.18,11.272,5.2,22.48598865,23.12551198,0.0004499406667,0.0001719167867,0.0006218574533
,20.49,8.196,5.2,16.34981929,31.80463288,0.000327157,0.00012500266,0.00045215966
,27.43,10.972,5.2,21.8875326,23.75781727,0.0004379656667,0.0001673412867,0.0006053069533
,19.13,7.652,5.2,15.26461898,34.06570453,0.0003054423333,0.0001167057533,0.0004221480867
,26.28,10.512,5.2,20.96989999,24.79744778,0.000419604,0.00016032552,0.00057992952
,22.041,8.8164,5.2,17.5874264,29.56657718,0.0003519213,0.000134464794,0.000486386094
,27.756,11.1024,5.2,22.1476615,23.47877676,0.0004431708,0.000169330104,0.000612500904
,26.955,10.782,5.2,21.50851044,24.17647663,0.0004303815,0.00016444347,0.00059482497
,22.4,8.96,5.2,17.87388736,29.09271998,0.0003576533333,0.0001366549333,0.0004943082667
,18.648,7.4592,5.2,14.88001123,34.94621019,0.0002977464,0.000113765232,0.000411511632
,23.429,9.3716,5.2,18.69496906,27.81496981,0.0003740830333,0.0001429325193,0.0005170155527
,21.522,8.6088,5.2,17.17329481,30.27957103,0.0003436346,0.000131298548,0.000474933148
,20.86,8.344,5.2,16.6450576,31.24050468,0.0003330646667,0.0001272599067,0.0004603245733
,28.042,11.2168,5.2,22.37587274,23.23931701,0.0004477372667,0.0001710748947,0.0006188121613
,19.744,7.8976,5.2,15.754555,33.00632737,0.0003152458667,0.0001204515627,0.0004356974293
,24.288,9.7152,5.2,19.38040072,26.83123055,0.0003877984,0.000148172992,0.000535971392
,25.298,10.1192,5.2,20.18632154,25.7600177,0.0004039247333,0.0001543346653,0.0005582593987
,18.891,7.5564,5.2,15.07391099,34.49668772,0.0003016263,0.000115247694,0.000416873994
,20.421,8.1684,5.2,16.29476133,31.91209675,0.0003260553,0.000124581714,0.000450637014
,19.432,7.7728,5.2,15.50559728,33.53627664,0.0003102642667,0.0001185481547,0.0004288124213
,22.616,9.0464,5.2,18.0462427,28.81486238,0.0003611021333,0.0001379726773,0.0004990748107
,20.848,8.3392,5.2,16.63548231,31.25848655,0.0003328730667,0.0001271866987,0.0004600597653
,20.958,8.3832,5.2,16.72325586,31.0944235,0.0003346294,0.000127857772,0.000462487172
,25.935,10.374,5.2,20.69461021,25.12731551,0.0004140955,0.00015822079,0.00057231629
,20.972,8.3888,5.2,16.73442704,31.07366621,0.0003348529333,0.0001279431813,0.0004627961147
,22.008,8.8032,5.2,17.56109433,29.61091093,0.0003513944,0.000134263472,0.000485657872
,19.053,7.6212,5.2,15.20317749,34.20337625,0.0003042129,0.000116236002,0.000420448902
,23.886,9.5544,5.2,19.05962828,27.28279861,0.0003813798,0.000145720524,0.000527100324
,19.376,7.7504,5.2,15.46091257,33.63320229,0.0003093701333,0.0001182065173,0.0004275766507
,20.584,8.2336,5.2,16.42482578,31.65939213,0.0003286578667,0.0001255761227,0.0004542339893
,24.983,9.9932,5.2,19.93497,26.08481478,0.0003988952333,0.0001524129553,0.0005513081887
,27.12,10.848,5.2,21.64017077,24.02938524,0.000433016,0.00016545008,0.00059846608
,25.935,10.374,5.2,20.69461021,25.12731551,0.0004140955,0.00015822079,0.00057231629
,,,,,,0,0,0
COT 10,28.18,2.818,5.2,17.83417891,29.15749599,0.0004499406667,0.00004273027333,0.00049267094
,27.43,2.743,5.2,17.35952901,29.95472975,0.0004379656667,0.00004159302333,0.00047955869
,26.28,2.628,5.2,16.6317325,31.26553413,0.000419604,0.00003984924,0.00045945324
,33.83,3.383,5.2,21.40987482,24.28785802,0.0005401523333,0.00005129755667,0.00059144989
,27.756,2.7756,5.2,17.5658435,29.60290521,0.0004431708,0.000042087348,0.000485258148
,26.955,2.6955,5.2,17.05891741,30.48259087,0.0004303815,0.000040872765,0.000471254265
,28.042,2.8042,5.2,17.74684333,29.30098556,0.0004477372667,0.00004252101933,0.000490258286
,24.288,2.4288,5.2,15.37106236,33.82980225,0.0003877984,0.000036828704,0.000424627104
,25.298,2.5298,5.2,16.01025756,32.47917768,0.0004039247333,0.00003836020067,0.000442284934
,30.807,3.0807,5.2,19.49671929,26.67115386,0.0004918851,0.000046713681,0.000538598781
,25.935,2.5935,5.2,16.41339354,31.68144349,0.0004140955,0.000039326105,0.000453421605
,23.886,2.3886,5.2,15.11665002,34.39915586,0.0003813798,0.000036219138,0.000417598938
,33.264,3.3264,5.2,21.05167236,24.70112545,0.0005311152,0.000050439312,0.000581554512
,29.072,2.9072,5.2,18.39869586,28.26287276,0.0004641829333,0.00004408284267,0.000508265776
,24.983,2.4983,5.2,15.8109046,32.88869379,0.0003988952333,0.00003788255567,0.000436777789
,32.508,3.2508,5.2,20.57322527,25.27557023,0.0005190444,0.000049292964,0.000568337364
,27.12,2.712,5.2,17.16334038,30.29713263,0.000433016,0.00004112296,0.00047413896
,25.935,2.5935,5.2,16.41339354,31.68144349,0.0004140955,0.000039326105,0.000453421605
,,,,,,0,0,0
COT 20,28.18,5.636,5.2,19.56048195,26.58421205,0.0004499406667,0.00008546054667,0.0005354012133
,27.43,5.486,5.2,19.03988715,27.31108624,0.0004379656667,0.00008318604667,0.0005211517133
,26.28,5.256,5.2,18.24164179,28.50620607,0.000419604,0.00007969848,0.00049930248
,22.041,4.4082,5.2,15.29923998,33.98861647,0.0003519213,0.000066843006,0.000418764306
,27.756,5.5512,5.2,19.26617236,26.99031184,0.0004431708,0.000084174696,0.000527345496
,26.955,5.391,5.2,18.71017711,27.79236118,0.0004303815,0.00008174553,0.00051212703
,22.4,4.48,5.2,15.54843136,33.44388819,0.0003576533333,0.00006793173333,0.0004255850667
,23.429,4.6858,5.2,16.26268743,31.97503502,0.0003740830333,0.00007105234733,0.0004451353807
,21.522,4.3044,5.2,14.93898838,34.80824717,0.0003436346,0.000065269052,0.000408903652
,28.042,5.6084,5.2,19.46469251,26.715038,0.0004477372667,0.00008504203867,0.0005327793053
,24.288,4.8576,5.2,16.858942,30.84416566,0.0003877984,0.000073657408,0.000461455808
,25.298,5.0596,5.2,17.56000967,29.61273996,0.0004039247333,0.00007672040133,0.0004806451347
,30.807,6.1614,5.2,21.383952,24.31730112,0.0004918851,0.000093427362,0.000585312462
,22.616,4.5232,5.2,15.69836266,33.12447363,0.0003611021333,0.00006858678933,0.0004296889227
,25.935,5.187,5.2,18.00216818,28.88540951,0.0004140955,0.00007865221,0.00049274771
,22.008,4.4016,5.2,15.27633381,34.03958086,0.0003513944,0.000066742928,0.000418137328
,23.886,4.7772,5.2,16.57990319,31.36327119,0.0003813798,0.000072438276,0.000453818076
,29.072,5.8144,5.2,20.1796427,25.76854346,0.0004641829333,0.00008816568533,0.0005523486187
,24.983,4.9966,5.2,17.34135985,29.98611438,0.0003988952333,0.00007576511133,0.0004746603447
,32.508,6.5016,5.2,22.56466101,23.0448842,0.0005190444,0.000098585928,0.000617630328
,27.12,5.424,5.2,18.82470797,27.62327048,0.000433016,0.00008224592,0.00051526192
,,,,,,0,0,0
COT 30,20.11,6.033,5.2,15.19081782,34.23120507,0.0003210896667,0.00009148039,0.0004125700567
,28.18,8.454,5.2,21.28678499,24.42830141,0.0004499406667,0.00012819082,0.0005781314867
,20.49,6.147,5.2,15.4778646,33.59636573,0.000327157,0.00009320901,0.00042036601
,27.43,8.229,5.2,20.72024529,25.09622799,0.0004379656667,0.00012477907,0.0005627447367
,26.28,7.884,5.2,19.85155109,26.19442671,0.000419604,0.00011954772,0.00053915172
,22.041,6.6123,5.2,16.6494687,31.23222784,0.0003519213,0.000100264509,0.000452185809
,27.756,8.3268,5.2,20.96650122,24.80146757,0.0004431708,0.000126262044,0.000569432844
,26.955,8.0865,5.2,20.36143682,25.53847278,0.0004303815,0.000122618295,0.000552999795
,22.4,6.72,5.2,16.92065237,30.73167562,0.0003576533333,0.0001018976,0.0004595509333
,23.429,7.0287,5.2,17.69794484,29.38194263,0.0003740830333,0.000106578521,0.0004806615543
,21.522,6.4566,5.2,16.25742323,31.98538862,0.0003436346,0.000097903578,0.000441538178
,20.86,6.258,5.2,15.75735752,33.00045704,0.0003330646667,0.00009489214,0.0004279568067
,28.042,8.4126,5.2,21.18254169,24.54851772,0.0004477372667,0.000127563058,0.0005753003247
,19.744,5.9232,5.2,14.91434645,34.8657584,0.0003152458667,0.000089815456,0.0004050613227
,24.288,7.2864,5.2,18.34682164,28.34278384,0.0003877984,0.000110486112,0.000498284512
,25.298,7.5894,5.2,19.10976177,27.21122357,0.0004039247333,0.000115080602,0.0005190053353
,20.421,6.1263,5.2,15.42574295,33.70988364,0.0003260553,0.000092895129,0.000418950429
,22.616,6.7848,5.2,17.08381581,30.43816474,0.0003611021333,0.000102880184,0.0004639823173
,20.848,6.2544,5.2,15.74829289,33.01945193,0.0003328730667,0.000094837552,0.0004277106187
,20.958,6.2874,5.2,15.83138538,32.84614629,0.0003346294,0.000095337942,0.000429967342
,25.935,7.7805,5.2,19.59094283,26.54287773,0.0004140955,0.000117978315,0.000532073815
,20.972,6.2916,5.2,15.84196078,32.82421962,0.0003348529333,0.000095401628,0.0004302545613
,22.008,6.6024,5.2,16.62454096,31.27905915,0.0003513944,0.000100114392,0.000451508792
,23.886,7.1658,5.2,18.04315637,28.81979125,0.0003813798,0.000108657414,0.000490037214
,20.584,6.1752,5.2,15.54887091,33.44294276,0.0003286578667,0.000093636616,0.0004222944827
,29.072,8.7216,5.2,21.96058954,23.67878143,0.0004641829333,0.000132248528,0.0005964314613
,24.983,7.4949,5.2,18.8718151,27.55431829,0.0003988952333,0.000113647667,0.0005125429003
,27.12,8.136,5.2,20.48607555,25.38309491,0.000433016,0.00012336888,0.00055638488
,25.935,7.7805,5.2,19.59094283,26.54287773,0.0004140955,0.000117978315,0.000532073815
,,,,,,0,0,0
COT 40,20.11,8.044,5.2,16.42275374,31.66338655,0.0003210896667,0.0001219738533,0.00044306352
,20.49,8.196,5.2,16.73307927,31.07616904,0.000327157,0.00012427868,0.00045143568
,27.43,10.972,5.2,22.40060344,23.21366036,0.0004379656667,0.0001663720933,0.00060433776
,19.13,7.652,5.2,15.62244053,33.28545236,0.0003054423333,0.0001160298267,0.00042147216
,26.28,10.512,5.2,21.46146038,24.22947883,0.000419604,0.00015939696,0.00057900096
,22.041,8.8164,5.2,17.99969742,28.88937451,0.0003519213,0.000133686012,0.000485607312
,26.955,10.782,5.2,22.01269652,23.62273061,0.0004303815,0.00016349106,0.00059387256
,18.224,7.2896,5.2,14.88255913,34.94022737,0.0002909765333,0.0001105346347,0.000401511168
,22.4,8.96,5.2,18.29287339,28.4263707,0.0003576533333,0.0001358634667,0.0004935168
,18.648,7.4592,5.2,15.22881709,34.14579063,0.0002977464,0.000113106336,0.000410852736
,23.429,9.3716,5.2,19.13320226,27.17788653,0.0003740830333,0.0001421046947,0.000516187728
,21.522,8.6088,5.2,17.57585808,29.58603771,0.0003436346,0.000130538104,0.000474172704
,20.86,8.344,5.2,17.03523834,30.52496182,0.0003330646667,0.0001265228533,0.00045958752
,19.744,7.8976,5.2,16.12386126,32.25033953,0.0003152458667,0.0001197539413,0.000434999808
,24.288,9.7152,5.2,19.83470129,26.21667917,0.0003877984,0.000147314816,0.000535113216
,25.298,10.1192,5.2,20.65951388,25.17000172,0.0004039247333,0.0001534408027,0.000557365536
,18.891,7.5564,5.2,15.4272621,33.70656416,0.0003016263,0.000114580212,0.000416206512
,20.421,8.1684,5.2,16.67673069,31.18117152,0.0003260553,0.000123860172,0.000449915472
,19.432,7.7728,5.2,15.86906766,32.76815066,0.0003102642667,0.0001178615573,0.000428125824
,22.616,9.0464,5.2,18.46926895,28.15487724,0.0003611021333,0.0001371735787,0.000498275712
,20.848,8.3392,5.2,17.02543859,30.54253183,0.0003328730667,0.0001264500693,0.000459323136
,20.958,8.3832,5.2,17.11526966,30.38222653,0.0003346294,0.000127117256,0.000461746656
,25.935,10.374,5.2,21.17971747,24.55179116,0.0004140955,0.00015730442,0.00057139992
,20.972,8.3888,5.2,17.12670271,30.36194467,0.0003348529333,0.0001272021707,0.000462055104
,22.008,8.8032,5.2,17.9727481,28.93269282,0.0003513944,0.000133485856,0.000484880256
,19.053,7.6212,5.2,15.55955878,33.4199708,0.0003042129,0.000115562796,0.000419775696
,23.886,9.5544,5.2,19.50640954,26.65790436,0.0003813798,0.000144876552,0.000526256352
,19.376,7.7504,5.2,15.82333548,32.8628563,0.0003093701333,0.0001175218987,0.000426892032
,20.584,8.2336,5.2,16.80984401,30.93425494,0.0003286578667,0.0001248488213,0.000453506688
,24.983,9.9932,5.2,20.40227035,25.48735955,0.0003988952333,0.0001515302227,0.000550425456
,18.272,7.3088,5.2,14.92175815,34.84844043,0.0002917429333,0.0001108257707,0.000402568704
,27.12,10.848,5.2,22.14744314,23.47900825,0.000433016,0.00016449184,0.00059750784
,25.935,10.374,5.2,21.17971747,24.55179116,0.0004140955,0.00015730442,0.00057139992
,,,,,,0,0,0
OP 10,28.18,2.818,5.2,17.6041916,29.53841971,0.0004499406667,0.00003836707,0.0004883077367
,27.43,2.743,5.2,17.13566272,30.34606881,0.0004379656667,0.000037345945,0.0004753116117
,26.28,2.628,5.2,16.41725178,31.673998,0.000419604,0.00003578022,0.00045538422
,33.83,3.383,5.2,21.13377579,24.60516309,0.0005401523333,0.000046059545,0.0005862118783
,27.756,2.7756,5.2,17.33931661,29.98964791,0.0004431708,0.000037789794,0.000480960594
,26.955,2.6955,5.2,16.83892777,30.88082609,0.0004303815,0.0000366992325,0.0004670807325
,28.042,2.8042,5.2,17.51798228,29.68378387,0.0004477372667,0.000038179183,0.0004859164497
,35.945,3.5945,5.2,22.45502722,23.1573979,0.0005739218333,0.0000489391175,0.0006228609508
,24.288,2.4288,5.2,15.17283909,34.27176661,0.0003877984,0.000033068112,0.000420866512
,25.298,2.5298,5.2,15.80379131,32.90349701,0.0004039247333,0.000034443227,0.0004383679603
,30.807,3.0807,5.2,19.24529207,27.01959514,0.0004918851,0.0000419437305,0.0005338288305
,25.935,2.5935,5.2,16.2017285,32.09534094,0.0004140955,0.0000353105025,0.0004494060025
,23.886,2.3886,5.2,14.92170761,34.84855846,0.0003813798,0.000032520789,0.000413900589
,33.264,3.3264,5.2,20.78019266,25.02382959,0.0005311152,0.000045288936,0.000576404136
,29.072,2.9072,5.2,18.16142861,28.63210881,0.0004641829333,0.000039581528,0.0005037644613
,24.983,2.4983,5.2,15.60700918,33.31836318,0.0003988952333,0.0000340143545,0.0004329095878
,32.508,3.2508,5.2,20.30791556,25.60577911,0.0005190444,0.000044259642,0.000563304042
,27.12,2.712,5.2,16.94200412,30.69294496,0.000433016,0.00003692388,0.00046993988
,25.935,2.5935,5.2,16.2017285,32.09534094,0.0004140955,0.0000353105025,0.0004494060025
,,,,,,0,0,0
OP 20,28.18,5.636,5.2,19.10050733,27.22440777,0.0004499406667,0.00007673414,0.0005266748067
,27.43,5.486,5.2,18.59215458,27.9687864,0.0004379656667,0.00007469189,0.0005126575567
,26.28,5.256,5.2,17.81268036,29.19268687,0.000419604,0.00007156044,0.00049116444
,22.041,4.4082,5.2,14.93947062,34.80712358,0.0003519213,0.000060017643,0.000411938943
,27.756,5.5512,5.2,18.81311857,27.64028718,0.0004431708,0.000075579588,0.000518750388
,26.955,5.391,5.2,18.27019784,28.4616513,0.0004303815,0.000073398465,0.000503779965
,22.4,4.48,5.2,15.18280213,34.24927727,0.0003576533333,0.0000609952,0.0004186485333
,23.429,4.6858,5.2,15.88026211,32.74505147,0.0003740830333,0.000063797167,0.0004378802003
,28.042,5.6084,5.2,19.00697042,27.35838424,0.0004477372667,0.000076358366,0.0005240956327
,24.288,4.8576,5.2,16.46249546,31.58694873,0.0003877984,0.000066136224,0.000453934624
,25.298,5.0596,5.2,17.14707716,30.32586809,0.0004039247333,0.000068886454,0.0004728111873
,30.807,6.1614,5.2,20.88109756,24.90290554,0.0004918851,0.000083887461,0.000575772561
,22.616,4.5232,5.2,15.32920773,33.92217062,0.0003611021333,0.000061583368,0.0004226855013
,25.935,5.187,5.2,17.5788381,29.5810222,0.0004140955,0.000070621005,0.000484716505
,22.008,4.4016,5.2,14.9171031,34.85931529,0.0003513944,0.000059927784,0.000411322184
,23.886,4.7772,5.2,16.19001838,32.11855526,0.0003813798,0.000065041578,0.000446421378
,33.264,6.6528,5.2,22.54646117,23.06348638,0.0005311152,0.000090577872,0.000621693072
,29.072,5.8144,5.2,19.7051082,26.38909641,0.0004641829333,0.000079163056,0.0005433459893
,24.983,4.9966,5.2,16.933569,30.70823403,0.0003988952333,0.000068028709,0.0004669239423
,32.508,6.5016,5.2,22.0340416,23.59984653,0.0005190444,0.000088519284,0.000607563684
,27.12,5.424,5.2,18.38203544,28.2884886,0.000433016,0.00007384776,0.00050686376
,25.935,5.187,5.2,17.5788381,29.5810222,0.0004140955,0.000070621005,0.000484716505
,,,,,,0,0,0
OP 30,28.18,8.454,5.2,20.59682306,25.24661199,0.0004499406667,0.00011510121,0.0005650418767
,20.49,6.147,5.2,14.97618539,34.72179238,0.000327157,0.000083691405,0.000410848405
,27.43,8.229,5.2,20.04864643,25.93691309,0.0004379656667,0.000112037835,0.0005500035017
,26.28,7.884,5.2,19.20810894,27.07189977,0.000419604,0.00010734066,0.00052694466
,22.041,6.6123,5.2,16.10981466,32.27845951,0.0003519213,0.0000900264645,0.0004419477645
,27.756,8.3268,5.2,20.28692054,25.63227864,0.0004431708,0.000113369382,0.000556540182
,26.955,8.0865,5.2,19.7014679,26.3939724,0.0004303815,0.0001100976975,0.0005404791975
,22.4,6.72,5.2,16.37220853,31.76113955,0.0003576533333,0.0000914928,0.0004491461333
,23.429,7.0287,5.2,17.12430686,30.36619258,0.0003740830333,0.0000956957505,0.0004697787838
,21.522,6.4566,5.2,15.73047643,33.05685001,0.0003436346,0.000087906609,0.000431541209
,20.86,6.258,5.2,15.2466192,34.10592167,0.0003330646667,0.00008520267,0.0004182673367
,28.042,8.4126,5.2,20.49595856,25.37085536,0.0004477372667,0.000114537549,0.0005622748157
,24.288,7.2864,5.2,17.75215182,29.29222357,0.0003877984,0.000099204336,0.000487002736
,25.298,7.5894,5.2,18.49036301,28.12275777,0.0004039247333,0.000103329681,0.0005072544143
,30.807,9.2421,5.2,22.51690305,23.093762,0.0004918851,0.0001258311915,0.0006177162915
,20.421,6.1263,5.2,14.92575315,34.83911297,0.0003260553,0.0000834095745,0.0004094648745
,22.616,6.7848,5.2,16.5300834,31.45779651,0.0003611021333,0.000092375052,0.0004534771853
,20.848,6.2544,5.2,15.23784837,34.12555286,0.0003328730667,0.000085153656,0.0004180267227
,20.958,6.2874,5.2,15.31824761,33.94644174,0.0003346294,0.000085602951,0.000420232351
,25.935,7.7805,5.2,18.95594769,27.43202336,0.0004140955,0.0001059315075,0.0005200270075
,20.972,6.2916,5.2,15.32848024,33.92378056,0.0003348529333,0.000085660134,0.0004205130673
,22.008,6.6024,5.2,16.08569488,32.32685959,0.0003513944,0.000089891676,0.000441286076
,23.886,7.1658,5.2,17.45832915,29.78521,0.0003813798,0.000097562367,0.000478942167
,20.584,6.1752,5.2,15.0448902,34.56322998,0.0003286578667,0.000084075348,0.0004127332147
,29.072,8.7216,5.2,21.24878779,24.47198424,0.0004641829333,0.000118744584,0.0005829275173
,24.983,7.4949,5.2,18.26012883,28.47734563,0.0003988952333,0.0001020430635,0.0005009382968
,27.12,8.136,5.2,19.82206676,26.2333896,0.000433016,0.00011077164,0.00054378764
,25.935,7.7805,5.2,18.95594769,27.43202336,0.0004140955,0.0001059315075,0.0005200270075
,,,,,,0,0,0
OP 40,20.11,8.044,5.2,15.76625341,32.981837,0.0003210896667,0.00010951906,0.0004306087267
,28.18,11.272,5.2,22.09313879,23.53671902,0.0004499406667,0.00015346828,0.0006034089467
,20.49,8.196,5.2,16.06417366,32.37016799,0.000327157,0.00011158854,0.00043874554
,27.43,10.972,5.2,21.50513829,24.18026767,0.0004379656667,0.00014938378,0.0005873494467
,19.13,7.652,5.2,14.99793275,34.67144496,0.0003054423333,0.00010418198,0.0004096243133
,26.28,10.512,5.2,20.60353752,25.2383844,0.000419604,0.00014312088,0.00056272488
,22.041,8.8164,5.2,17.28015869,30.09231623,0.0003519213,0.000120035286,0.000471956586
,27.756,11.1024,5.2,21.7607225,23.89626539,0.0004431708,0.000151159176,0.000594329976
,26.955,10.782,5.2,21.13273797,24.60637144,0.0004303815,0.00014679693,0.00057717843
,22.4,8.96,5.2,17.56161493,29.61003313,0.0003576533333,0.0001219904,0.0004796437333
,23.429,9.3716,5.2,18.36835162,28.3095626,0.0003740830333,0.000127594334,0.0005016773673
,21.522,8.6088,5.2,16.87326235,30.8179882,0.0003436346,0.000117208812,0.000460843412
,20.86,8.344,5.2,16.35425391,31.79600873,0.0003330646667,0.00011360356,0.0004466682267
,28.042,11.2168,5.2,21.98494669,23.65254768,0.0004477372667,0.000152716732,0.0006004539987
,19.744,7.8976,5.2,15.47930916,33.59323046,0.0003152458667,0.000107525824,0.0004227716907
,24.288,9.7152,5.2,19.04180819,27.30833095,0.0003877984,0.000132272448,0.000520070848
,25.298,10.1192,5.2,19.83364887,26.21807029,0.0004039247333,0.000137772908,0.0005416976413
,20.421,8.1684,5.2,16.01007761,32.47954273,0.0003260553,0.000111212766,0.000437268066
,19.432,7.7728,5.2,15.23470095,34.13260303,0.0003102642667,0.000105826672,0.0004160909387
,22.616,9.0464,5.2,17.73095908,29.32723479,0.0003611021333,0.000123166736,0.0004842688693
,20.848,8.3392,5.2,16.3448459,31.81431035,0.0003328730667,0.000113538208,0.0004464112747
,20.958,8.3832,5.2,16.43108597,31.64733,0.0003346294,0.000114137268,0.000448766668
,25.935,10.374,5.2,20.33305729,25.57411768,0.0004140955,0.00014124201,0.00055533751
,20.972,8.3888,5.2,16.44206198,31.62620361,0.0003348529333,0.000114213512,0.0004490664453
,22.008,8.8032,5.2,17.25428667,30.1374383,0.0003513944,0.000119855568,0.000471249968
,19.053,7.6212,5.2,14.9375647,34.81156469,0.0003042129,0.000103762638,0.000407975538
,23.886,9.5544,5.2,18.72663992,27.76792858,0.0003813798,0.000130083156,0.000511462956
,19.376,7.7504,5.2,15.19079692,34.23125217,0.0003093701333,0.000105521696,0.0004148918293
,20.584,8.2336,5.2,16.13786972,32.22234464,0.0003286578667,0.000112100464,0.0004407583307
,24.983,9.9932,5.2,19.58668866,26.54864276,0.0003988952333,0.000136057418,0.0005349526513
,27.12,10.848,5.2,21.26209808,24.45666453,0.000433016,0.00014769552,0.00058071152
,25.935,10.374,5.2,20.33305729,25.57411768,0.0004140955,0.00014124201,0.00055533751
,,,,,,0,0,0
DMC 10,28.18,2.818,5.2,17.87170903,29.09626601,0.0004499406667,0.00005039523333,0.0005003359
,27.43,2.743,5.2,17.39606028,29.89182559,0.0004379656667,0.00004905398333,0.00048701965
,26.28,2.628,5.2,16.6667322,31.19987732,0.000419604,0.0000469974,0.0004666014
,33.83,3.383,5.2,21.45492962,24.23685415,0.0005401523333,0.00006049931667,0.00060065165
,27.756,2.7756,5.2,17.60280894,29.54073988,0.0004431708,0.00004963698,0.00049280778
,26.955,2.6955,5.2,17.09481608,30.41857822,0.0004303815,0.000048204525,0.000478586025
,23.429,2.3429,5.2,14.85863275,34.9964905,0.0003740830333,0.00004189886167,0.000415981895
,28.042,2.8042,5.2,17.78418966,29.23945425,0.0004477372667,0.00005014844333,0.00049788571
,24.288,2.4288,5.2,15.40340912,33.75876054,0.0003877984,0.00004343504,0.00043123344
,25.298,2.5298,5.2,16.04394944,32.41097225,0.0004039247333,0.00004524125667,0.00044916599
,30.807,3.0807,5.2,19.53774805,26.61514513,0.0004918851,0.000055093185,0.000546978285
,25.935,2.5935,5.2,16.44793378,31.61491328,0.0004140955,0.000046380425,0.000460475925
,23.886,2.3886,5.2,15.14846139,34.32691853,0.0003813798,0.00004271613,0.00042409593
,33.264,3.3264,5.2,21.09597336,24.64925373,0.0005311152,0.00005948712,0.00059060232
,29.072,2.9072,5.2,18.43741395,28.20352146,0.0004641829333,0.00005199042667,0.00051617336
,24.983,2.4983,5.2,15.84417696,32.81962839,0.0003988952333,0.00004467793167,0.000443573165
,32.508,3.2508,5.2,20.61651942,25.22249219,0.0005190444,0.00005813514,0.00057717954
,27.12,2.712,5.2,17.1994588,30.23350944,0.000433016,0.0000484996,0.0004815156
,25.935,2.5935,5.2,16.44793378,31.61491328,0.0004140955,0.000046380425,0.000460475925
,,,,,,0,0,0
DMC 20,28.18,5.636,5.2,19.6355422,26.48258931,0.0004499406667,0.0001007904667,0.0005507311333
,27.43,5.486,5.2,19.1129497,27.2066849,0.0004379656667,0.00009810796667,0.0005360736333
,26.28,5.256,5.2,18.3116412,28.39723618,0.000419604,0.0000939948,0.0005135988
,22.041,4.4082,5.2,15.35794839,33.85868912,0.0003519213,0.00007883331,0.00043075461
,27.756,5.5512,5.2,19.34010324,26.88713672,0.0004431708,0.00009927396,0.00054244476
,26.955,5.391,5.2,18.78197445,27.68612008,0.0004303815,0.00009640905,0.00052679055
,22.4,4.48,5.2,15.608096,33.31604316,0.0003576533333,0.00008011733333,0.0004377706667
,23.429,4.6858,5.2,16.32509291,31.85280493,0.0003740830333,0.00008379772333,0.0004578807567
,21.522,4.3044,5.2,14.99631438,34.67518664,0.0003436346,0.00007697702,0.00042061162
,28.042,5.6084,5.2,19.53938518,26.61291516,0.0004477372667,0.0001002968867,0.0005480341533
,24.288,4.8576,5.2,16.92363552,30.72625851,0.0003877984,0.00008687008,0.00047466848
,25.298,5.0596,5.2,17.62739342,29.49954015,0.0004039247333,0.00009048251333,0.0004944072467
,30.807,6.1614,5.2,21.46600953,24.22434404,0.0004918851,0.00011018637,0.00060207147
,22.616,4.5232,5.2,15.75860264,32.99784961,0.0003611021333,0.00008088989333,0.0004419920267
,25.935,5.187,5.2,18.07124865,28.77499004,0.0004140955,0.00009276085,0.00050685635
,22.008,4.4016,5.2,15.33495432,33.90945869,0.0003513944,0.00007871528,0.00043010968
,23.886,4.7772,5.2,16.64352594,31.24337967,0.0003813798,0.00008543226,0.00046681206
,29.072,5.8144,5.2,20.25707888,25.67003876,0.0004641829333,0.0001039808533,0.0005681637867
,24.983,4.9966,5.2,17.40790457,29.87148728,0.0003988952333,0.00008935586333,0.0004882510967
,27.12,5.424,5.2,18.8969448,27.51767577,0.000433016,0.0000969992,0.0005300152
,25.935,5.187,5.2,18.07124865,28.77499004,0.0004140955,0.00009276085,0.00050685635
,,,,,,0,0,0
DMC 30,20.11,6.033,5.2,15.27116532,34.05110149,0.0003210896667,0.00010789015,0.0004289798167
,28.18,8.454,5.2,21.39937537,24.29977469,0.0004499406667,0.0001511857,0.0006011263667
,20.49,6.147,5.2,15.55973035,33.41960229,0.000327157,0.00010992885,0.00043708585
,27.43,8.229,5.2,20.82983912,24.96418705,0.0004379656667,0.00014716195,0.0005851276167
,26.28,7.884,5.2,19.9565502,26.05660772,0.000419604,0.0001409922,0.0005605962
,22.041,6.6123,5.2,16.73753132,31.06790304,0.0003519213,0.000118249965,0.000470171265
,27.756,8.3268,5.2,21.07739754,24.67097748,0.0004431708,0.00014891094,0.00059208174
,26.955,8.0865,5.2,20.46913283,25.40410502,0.0004303815,0.000144613575,0.000574995075
,22.4,6.72,5.2,17.01014933,30.56998441,0.0003576533333,0.000120176,0.0004778293333
,23.429,7.0287,5.2,17.79155307,29.22735289,0.0003740830333,0.000125696585,0.0004997796183
,21.522,6.4566,5.2,16.34341223,31.81710115,0.0003436346,0.00011546553,0.00045910013
,20.86,6.258,5.2,15.84070157,32.8268289,0.0003330646667,0.0001119139,0.0004449785667
,28.042,8.4126,5.2,21.2945807,24.41935849,0.0004477372667,0.00015044533,0.0005981825967
,19.744,5.9232,5.2,14.99323163,34.68231619,0.0003152458667,0.00010592656,0.0004211724267
,24.288,7.2864,5.2,18.44386192,28.19366151,0.0003877984,0.00013030512,0.00051810352
,25.298,7.5894,5.2,19.2108374,27.06805482,0.0004039247333,0.00013572377,0.0005396485033
,20.421,6.1263,5.2,15.50733301,33.53252294,0.0003260553,0.000109558665,0.000435613965
,22.616,6.7848,5.2,17.17417577,30.27801781,0.0003611021333,0.00012133484,0.0004824369733
,20.848,6.2544,5.2,15.83158899,32.84572385,0.0003328730667,0.00011184952,0.0004447225867
,20.958,6.2874,5.2,15.91512097,32.67333004,0.0003346294,0.00011243967,0.00044706907
,25.935,7.7805,5.2,19.69456353,26.4032254,0.0004140955,0.000139141275,0.000553236775
,20.972,6.2916,5.2,15.92575231,32.65151873,0.0003348529333,0.00011251478,0.0004473677133
,22.008,6.6024,5.2,16.71247172,31.11448795,0.0003513944,0.00011807292,0.00046946732
,23.886,7.1658,5.2,18.13859049,28.66815921,0.0003813798,0.00012814839,0.00050952819
,20.584,6.1752,5.2,15.63111223,33.26698654,0.0003286578667,0.00011043316,0.0004390910267
,29.072,8.7216,5.2,22.07674381,23.55419823,0.0004641829333,0.00015597128,0.0006201542133
,24.983,7.4949,5.2,18.97163218,27.40934439,0.0003988952333,0.000134033795,0.0005329290283
,27.12,8.136,5.2,20.5944308,25.24954465,0.000433016,0.0001454988,0.0005785148
,25.935,7.7805,5.2,19.69456353,26.4032254,0.0004140955,0.000139141275,0.000553236775
,,,,,,0,0,0
DMC 40,20.11,8.044,5.2,16.52988373,31.4581765,0.0003210896667,0.0001438535333,0.0004649432
,20.49,8.196,5.2,16.8422336,30.87476473,0.000327157,0.0001465718,0.0004737288
,27.43,10.972,5.2,22.54672853,23.06321288,0.0004379656667,0.0001962159333,0.0006341816
,19.13,7.652,5.2,15.72434987,33.06972971,0.0003054423333,0.0001368432667,0.0004422856
,26.28,10.512,5.2,21.6014592,24.07244785,0.000419604,0.0001879896,0.0006075936
,22.041,8.8164,5.2,18.11711424,28.7021428,0.0003519213,0.00015766662,0.00050958792
,26.955,10.782,5.2,22.1562912,23.46963196,0.0004303815,0.0001928181,0.0006231996
,18.224,7.2896,5.2,14.97964203,34.71378015,0.0002909765333,0.0001303623467,0.00042133888
,22.4,8.96,5.2,18.41220267,28.24213971,0.0003576533333,0.0001602346667,0.000517888
,18.648,7.4592,5.2,15.32815872,33.92449214,0.0002977464,0.00013339536,0.00043114176
,23.429,9.3716,5.2,19.25801323,27.00174695,0.0003740830333,0.0001675954467,0.00054167848
,21.522,8.6088,5.2,17.69051008,29.39429093,0.0003436346,0.00015395404,0.00049758864
,20.86,8.344,5.2,17.14636373,30.32712989,0.0003330646667,0.0001492185333,0.0004822832
,19.744,7.8976,5.2,16.22904149,32.04132544,0.0003152458667,0.0001412354133,0.00045648128
,24.288,9.7152,5.2,19.96408832,26.04676916,0.0003877984,0.00017374016,0.00056153856
,25.298,10.1192,5.2,20.79428139,25.00687522,0.0004039247333,0.0001809650267,0.00058488976
,18.891,7.5564,5.2,15.52789824,33.4881123,0.0003016263,0.00013513362,0.00043675992
,20.421,8.1684,5.2,16.78551744,30.9790867,0.0003260553,0.00014607822,0.00047213352
,19.432,7.7728,5.2,15.97258581,32.55578064,0.0003102642667,0.0001390035733,0.00044926784
,22.616,9.0464,5.2,18.58974891,27.97240579,0.0003611021333,0.0001617797867,0.00052288192
,20.848,8.3392,5.2,17.13650005,30.34458602,0.0003328730667,0.0001491326933,0.00048200576
,20.958,8.3832,5.2,17.22691712,30.18531966,0.0003346294,0.00014991956,0.00048454896
,25.935,10.374,5.2,21.3178784,24.39267127,0.0004140955,0.0001855217,0.0005996172
,20.972,8.3888,5.2,17.23842475,30.16516924,0.0003348529333,0.0001500197067,0.00048487264
,22.008,8.8032,5.2,18.08998912,28.74518036,0.0003513944,0.00015743056,0.00050882496
,19.053,7.6212,5.2,15.66105792,33.20337634,0.0003042129,0.00013629246,0.00044050536
,23.886,9.5544,5.2,19.63365504,26.48513478,0.0003813798,0.00017086452,0.00055224432
,19.376,7.7504,5.2,15.92655531,32.64987249,0.0003093701333,0.0001386029867,0.00044797312
,20.584,8.2336,5.2,16.91949909,30.73377038,0.0003286578667,0.0001472442133,0.00047590208
,24.983,9.9932,5.2,20.53535979,25.32217626,0.0003988952333,0.0001787117267,0.00057760696
,18.272,7.3088,5.2,15.01909675,34.62258808,0.0002917429333,0.0001307057067,0.00042244864
,27.12,10.848,5.2,22.2919168,23.32684105,0.000433016,0.0001939984,0.0006270144
,25.935,10.374,5.2,21.3178784,24.39267127,0.0004140955,0.0001855217,0.0005996172
,,,,,,0,0,0
CM 10,28.18,2.818,5.2,17.71218393,29.35832205,0.0004499406667,0.00004199759333,0.00049193826
,27.43,2.743,5.2,17.24078088,30.16104686,0.0004379656667,0.00004087984333,0.00047884551
,26.28,2.628,5.2,16.51796287,31.48087958,0.000419604,0.00003916596,0.00045876996
,33.83,3.383,5.2,21.26342024,24.45514381,0.0005401523333,0.00005041797667,0.00059057031
,27.756,2.7756,5.2,17.44568407,29.80679908,0.0004431708,0.000041365692,0.000484536492
,26.955,2.6955,5.2,16.94222562,30.69254369,0.0004303815,0.000040171935,0.000470553435
,28.042,2.8042,5.2,17.62544577,29.50279992,0.0004477372667,0.00004179192733,0.000489529194
,35.945,3.5945,5.2,22.59277684,23.01620574,0.0005739218333,0.00005357003167,0.000627491865
,24.288,2.4288,5.2,15.26591637,34.06280942,0.0003877984,0.000036197216,0.000423995616
,25.298,2.5298,5.2,15.90073915,32.70288225,0.0004039247333,0.00003770245267,0.000441627186
,30.807,3.0807,5.2,19.36335168,26.85485491,0.0004918851,0.000045912699,0.000537797799
,25.935,2.5935,5.2,16.30111747,31.89965357,0.0004140955,0.000038651795,0.000452747295
,23.886,2.3886,5.2,15.01324434,34.63608454,0.0003813798,0.000035598102,0.000416977902
,33.264,3.3264,5.2,20.90766807,24.87125767,0.0005311152,0.000049574448,0.000580689648
,29.072,2.9072,5.2,18.27283929,28.45753699,0.0004641829333,0.00004332697067,0.000507509904
,24.983,2.4983,5.2,15.70274986,33.11521896,0.0003988952333,0.00003723299767,0.000436128231
,32.508,3.2508,5.2,20.4324938,25.44965901,0.0005190444,0.000048447756,0.000567492156
,27.12,2.712,5.2,17.04593429,30.50580808,0.000433016,0.00004041784,0.00047343384
,25.935,2.5935,5.2,16.30111747,31.89965357,0.0004140955,0.000038651795,0.000452747295
,,,,,,0,0,0
CM 20,28.18,5.636,5.2,19.316492,26.92000183,0.0004499406667,0.00008399518667,0.0005339358533
,27.43,5.486,5.2,18.8023909,27.6560573,0.0004379656667,0.00008175968667,0.0005197253533
,26.28,5.256,5.2,18.01410254,28.8662729,0.000419604,0.00007833192,0.00049793592
,22.041,4.4082,5.2,15.10840313,34.41793257,0.0003519213,0.000065696874,0.000417618174
,27.756,5.5512,5.2,19.02585351,27.33123115,0.0004431708,0.000082731384,0.000525902184
,26.955,5.391,5.2,18.47679353,28.1434113,0.0004303815,0.00008034387,0.00051072537
,22.4,4.48,5.2,15.35448619,33.86632374,0.0003576533333,0.00006676693333,0.0004244202667
,23.429,4.6858,5.2,16.0598329,32.37891723,0.0003740830333,0.00006983403933,0.0004439170727
,28.042,5.6084,5.2,19.22189739,27.05248027,0.0004477372667,0.00008358385467,0.0005313211213
,24.288,4.8576,5.2,16.64865002,31.23376366,0.0003877984,0.000072394432,0.000460192832
,25.298,5.0596,5.2,17.34097284,29.98678361,0.0004039247333,0.00007540490533,0.0004793296387
,30.807,6.1614,5.2,21.11721678,24.62445716,0.0004918851,0.000091825398,0.000583710498
,22.616,4.5232,5.2,15.5025473,33.54287459,0.0003611021333,0.00006741075733,0.0004285128907
,25.935,5.187,5.2,17.77761604,29.25026611,0.0004140955,0.00007730359,0.00049139909
,22.008,4.4016,5.2,15.08578268,34.4695407,0.0003513944,0.000065598512,0.000416992912
,23.886,4.7772,5.2,16.37309183,31.75942609,0.0003813798,0.000071196204,0.000452576004
,29.072,5.8144,5.2,19.92792957,26.0940304,0.0004641829333,0.00008665394133,0.0005508368747
,24.983,4.9966,5.2,17.12505038,30.36487418,0.0003988952333,0.00007446599533,0.0004733612287
,32.508,6.5016,5.2,22.28319808,23.33596812,0.0005190444,0.000096895512,0.000615939912
,27.12,5.424,5.2,18.58989578,27.9721848,0.000433016,0.00008083568,0.00051385168
,25.935,5.187,5.2,17.77761604,29.25026611,0.0004140955,0.00007730359,0.00049139909
,,,,,,0,0,0
CM 30,20.11,6.033,5.2,14.92964121,34.83003997,0.0003210896667,0.00008991181,0.0004110014767
,28.18,8.454,5.2,20.92080006,24.85564598,0.0004499406667,0.00012599278,0.0005759334467
,20.49,6.147,5.2,15.21175278,34.18409486,0.000327157,0.00009161079,0.00041876779
,27.43,8.229,5.2,20.36400091,25.53525715,0.0004379656667,0.00012263953,0.0005606051967
,26.28,7.884,5.2,19.51024222,26.65266757,0.000419604,0.00011749788,0.00053710188
,22.041,6.6123,5.2,16.36321342,31.77859914,0.0003519213,0.000098545311,0.000450466611
,27.756,8.3268,5.2,20.60602294,25.23534024,0.0004431708,0.000124097076,0.000567267876
,26.955,8.0865,5.2,20.01136145,25.9852385,0.0004303815,0.000120515805,0.000550897305
,22.4,6.72,5.2,16.62973461,31.26929035,0.0003576533333,0.0001001504,0.0004578037333
,23.429,7.0287,5.2,17.39366305,29.89594536,0.0003740830333,0.000104751059,0.0004788340923
,21.522,6.4566,5.2,15.97790841,32.54493559,0.0003436346,0.000096224862,0.000439859462
,20.86,6.258,5.2,15.48644036,33.57776145,0.0003330646667,0.00009326506,0.0004263297267
,28.042,8.4126,5.2,20.81834902,24.97796533,0.0004477372667,0.000125375782,0.0005731130487
,24.288,7.2864,5.2,18.03138367,28.8386077,0.0003877984,0.000108591648,0.000496390048
,25.298,7.5894,5.2,18.78120653,27.6872521,0.0004039247333,0.000113107358,0.0005170320913
,20.421,6.1263,5.2,15.16052726,34.29959864,0.0003260553,0.000091302291,0.000417357591
,22.616,6.7848,5.2,16.79009277,30.97064484,0.0003611021333,0.000101116136,0.0004622182693
,20.848,6.2544,5.2,15.47753157,33.59708863,0.0003328730667,0.000093211408,0.0004260844747
,20.958,6.2874,5.2,15.55919545,33.4207512,0.0003346294,0.000093703218,0.000428332618
,25.935,7.7805,5.2,19.25411461,27.00721433,0.0004140955,0.000115955385,0.000530050885
,20.972,6.2916,5.2,15.56958903,33.39844096,0.0003348529333,0.000093765812,0.0004286187453
,22.008,6.6024,5.2,16.33871426,31.82624972,0.0003513944,0.000098397768,0.000449792168
,23.886,7.1658,5.2,17.73293933,29.3239598,0.0003813798,0.000106794306,0.000488174106
,20.584,6.1752,5.2,15.28153827,34.02798794,0.0003286578667,0.000092031064,0.0004206889307
,29.072,8.7216,5.2,21.58301985,24.09301403,0.0004641829333,0.000129980912,0.0005941638453
,24.983,7.4949,5.2,18.54735089,28.03634887,0.0003988952333,0.000111698993,0.0005105942263
,27.12,8.136,5.2,20.13385726,25.82714247,0.000433016,0.00012125352,0.00055426952
,25.935,7.7805,5.2,19.25411461,27.00721433,0.0004140955,0.000115955385,0.000530050885
,,,,,,0,0,0
CM 40,20.11,8.044,5.2,16.07451826,32.34933649,0.0003210896667,0.0001198824133,0.00044097208
,28.18,11.272,5.2,22.52510813,23.08534978,0.0004499406667,0.0001679903733,0.00061793104
,20.49,8.196,5.2,16.3782635,31.7493976,0.000327157,0.00012214772,0.00044930472
,27.43,10.972,5.2,21.92561093,23.71655694,0.0004379656667,0.0001635193733,0.00060148504
,19.13,7.652,5.2,15.29117525,34.00654244,0.0003054423333,0.0001140403067,0.00041948264
,26.28,10.512,5.2,21.00638189,24.75438192,0.000419604,0.00015666384,0.00057626784
,22.041,8.8164,5.2,17.61802371,29.51522875,0.0003519213,0.000131393748,0.000483315048
,27.756,11.1024,5.2,22.18619238,23.43800104,0.0004431708,0.000165462768,0.000608633568
,26.955,10.782,5.2,21.54592937,24.13448922,0.0004303815,0.00016068774,0.00059106924
,22.4,8.96,5.2,17.90498304,29.0421945,0.0003576533333,0.0001335338667,0.0004911872
,18.648,7.4592,5.2,14.90589838,34.88551892,0.0002977464,0.000111166944,0.000408913344
,23.429,9.3716,5.2,18.7274932,27.7666634,0.0003740830333,0.0001396680787,0.000513751112
,21.522,8.6088,5.2,17.20317165,30.22698433,0.0003436346,0.000128299816,0.000471934416
,20.86,8.344,5.2,16.67401546,31.18624913,0.0003330646667,0.0001243534133,0.00045741808
,28.042,11.2168,5.2,22.41480064,23.19895717,0.0004477372667,0.0001671677093,0.000614904976
,19.744,7.8976,5.2,15.78196362,32.94900511,0.0003152458667,0.0001177005653,0.000432946432
,24.288,9.7152,5.2,19.41411732,26.78463261,0.0003877984,0.000144788864,0.000532587264
,25.298,10.1192,5.2,20.22144022,25.71528013,0.0004039247333,0.0001508098107,0.000554734544
,18.891,7.5564,5.2,15.10013547,34.43677713,0.0003016263,0.000112615548,0.000414241848
,20.421,8.1684,5.2,16.32310976,31.85667484,0.0003260553,0.000121736388,0.000447791688
,19.432,7.7728,5.2,15.53257279,33.47803401,0.0003102642667,0.0001158406293,0.000426104896
,22.616,9.0464,5.2,18.07763823,28.76481946,0.0003611021333,0.0001348215147,0.000495923648
,20.848,8.3392,5.2,16.6644235,31.20419977,0.0003328730667,0.0001242818773,0.000457154944
,20.958,8.3832,5.2,16.75234976,31.04042165,0.0003346294,0.000124937624,0.000459567024
,25.935,10.374,5.2,20.73061318,25.08367676,0.0004140955,0.00015460718,0.00056870268
,20.972,8.3888,5.2,16.76354037,31.0197004,0.0003348529333,0.0001250210827,0.000459874016
,22.008,8.8032,5.2,17.59164584,29.5594855,0.0003513944,0.000131197024,0.000482591424
,19.053,7.6212,5.2,15.22962687,34.14397506,0.0003042129,0.000113581284,0.000417794184
,23.886,9.5544,5.2,19.09278683,27.23541643,0.0003813798,0.000142392408,0.000523772208
,19.376,7.7504,5.2,15.48781033,33.57479133,0.0003093701333,0.0001155067947,0.000424876928
,20.584,8.2336,5.2,16.45340049,31.6044091,0.0003286578667,0.0001227080853,0.000451365952
,24.983,9.9932,5.2,19.9696514,26.03951314,0.0003988952333,0.0001489319907,0.000547827224
,27.12,10.848,5.2,21.67781875,23.98765328,0.000433016,0.00016167136,0.00059468736
,25.935,10.374,5.2,20.73061318,25.08367676,0.0004140955,0.00015460718,0.00056870268
,,,,,,0,0,0
DEE 10,28.18,2.818,5.2,17.41387797,29.86124061,0.0004499406667,0.00003348723333,0.0004834279
,27.43,2.743,5.2,16.95041422,30.67771639,0.0004379656667,0.00003259598333,0.00047056165
,26.28,2.628,5.2,16.2397698,32.02015832,0.000419604,0.0000312294,0.0004508334
,33.83,3.383,5.2,20.90530488,24.87406918,0.0005401523333,0.00004020131667,0.00058035365
,27.756,2.7756,5.2,17.15186646,30.31740022,0.0004431708,0.00003298338,0.00047615418
,26.955,2.6955,5.2,16.65688718,31.21831796,0.0004303815,0.000032031525,0.000462413025
,28.042,2.8042,5.2,17.32860064,30.00819344,0.0004477372667,0.00003332324333,0.00048106051
,35.945,3.5945,5.2,22.21227266,23.41048158,0.0005739218333,0.00004271464167,0.000616636475
,24.288,2.4288,5.2,15.00881008,34.64631754,0.0003877984,0.00002886224,0.00041666064
,25.298,2.5298,5.2,15.63294126,33.26309434,0.0004039247333,0.00003006245667,0.00043398719
,30.807,3.0807,5.2,19.03723699,27.31488819,0.0004918851,0.000036608985,0.000528494085
,25.935,2.5935,5.2,16.02657648,32.44610605,0.0004140955,0.000030819425,0.000444914925
,33.264,3.3264,5.2,20.55554424,25.29731122,0.0005311152,0.00003952872,0.00057064392
,29.072,2.9072,5.2,17.96509085,28.94502478,0.0004641829333,0.00003454722667,0.00049873016
,24.983,2.4983,5.2,15.43828649,33.68249452,0.0003988952333,0.00002968813167,0.000428583365
,32.508,3.2508,5.2,20.08837278,25.88562079,0.0005190444,0.00003863034,0.00055767474
,27.12,2.712,5.2,16.7588492,31.0283835,0.000433016,0.0000322276,0.0004652436
,25.935,2.5935,5.2,16.02657648,32.44610605,0.0004140955,0.000030819425,0.000444914925
,,,,,,0,0,0
DEE 20,28.18,5.636,5.2,18.71988007,27.77795574,0.0004499406667,0.00006697446667,0.0005169151333
,27.43,5.486,5.2,18.22165757,28.53746966,0.0004379656667,0.00006519196667,0.0005031576333
,26.28,5.256,5.2,17.4577164,29.78625543,0.000419604,0.0000624588,0.0004820628
,33.83,6.766,5.2,22.47315623,23.1387169,0.0005401523333,0.00008040263333,0.0006205549667
,27.756,5.5512,5.2,18.43821828,28.20229114,0.0004431708,0.00006596676,0.00050913756
,26.955,5.391,5.2,17.90611665,29.04035588,0.0004303815,0.00006406305,0.00049444455
,22.4,4.48,5.2,14.88024533,34.94566039,0.0003576533333,0.00005323733333,0.0004108906667
,23.429,4.6858,5.2,15.5638066,33.4108495,0.0003740830333,0.00005568292333,0.0004297659567
,28.042,5.6084,5.2,18.62820713,27.91465633,0.0004477372667,0.00006664648667,0.0005143837533
,24.288,4.8576,5.2,16.13443744,32.22919931,0.0003877984,0.00005772448,0.00044552288
,25.298,5.0596,5.2,16.80537707,30.94247738,0.0004039247333,0.00006012491333,0.0004640496467
,30.807,6.1614,5.2,20.46498741,25.40925091,0.0004918851,0.00007321797,0.00056510307
,22.616,4.5232,5.2,15.02373341,34.61190276,0.0003611021333,0.00005375069333,0.0004148528267
,25.935,5.187,5.2,17.22853405,30.18248671,0.0004140955,0.00006163885,0.00047573435
,23.886,4.7772,5.2,15.86739018,32.77161487,0.0003813798,0.00005676906,0.00043814886
,33.264,6.6528,5.2,22.09716432,23.53243124,0.0005311152,0.00007905744,0.00061017264
,29.072,5.8144,5.2,19.31243269,26.92566018,0.0004641829333,0.00006909445333,0.0005332773867
,24.983,4.9966,5.2,16.59612362,31.33261789,0.0003988952333,0.00005937626333,0.0004582714967
,32.508,6.5016,5.2,21.59495604,24.07969708,0.0005190444,0.00007726068,0.00059630508
,27.12,5.424,5.2,18.0157256,28.8636723,0.000433016,0.0000644552,0.0004974712
,25.935,5.187,5.2,17.22853405,30.18248671,0.0004140955,0.00006163885,0.00047573435
,,,,,,0,0,0
DEE 30,28.18,8.454,5.2,20.02588217,25.96639667,0.0004499406667,0.0001004617,0.0005504023667
,27.43,8.229,5.2,19.49290092,26.67637835,0.0004379656667,0.00009778795,0.0005357536167
,26.28,7.884,5.2,18.675663,27.84372367,0.000419604,0.0000936882,0.0005132922
,22.041,6.6123,5.2,15.66325298,33.1987232,0.0003519213,0.000078576165,0.000430497465
,27.756,8.3268,5.2,19.7245701,26.36305873,0.0004431708,0.00009895014,0.00054212094
,26.955,8.0865,5.2,19.15534612,27.14646849,0.0004303815,0.000096094575,0.000526476075
,22.4,6.72,5.2,15.91837333,32.66665438,0.0003576533333,0.000079856,0.0004375093333
,23.429,7.0287,5.2,16.64962361,31.23193726,0.0003740830333,0.000083524385,0.0004576074183
,21.522,6.4566,5.2,15.29442995,33.99930574,0.0003436346,0.00007672593,0.00042036053
,28.042,8.4126,5.2,19.92781362,26.09418223,0.0004477372667,0.00009996973,0.0005477069967
,24.288,7.2864,5.2,17.2600648,30.12734923,0.0003877984,0.00008658672,0.00047438512
,25.298,7.5894,5.2,17.97781288,28.92454179,0.0004039247333,0.00009018737,0.0004941121033
,30.807,9.2421,5.2,21.89273782,23.7521686,0.0004918851,0.000109826955,0.000601712055
,22.616,6.7848,5.2,16.07187193,32.35466299,0.0003611021333,0.00008062604,0.0004417281733
,20.958,6.2874,5.2,14.89362805,34.91425986,0.0003346294,0.00007471527,0.00040934467
,25.935,7.7805,5.2,18.43049163,28.21411445,0.0004140955,0.000092458275,0.000506553775
,20.972,6.2916,5.2,14.90357703,34.89095261,0.0003348529333,0.00007476518,0.0004096181133
,22.008,6.6024,5.2,15.6398018,33.24850319,0.0003513944,0.00007845852,0.00042985292
,23.886,7.1658,5.2,16.97438685,30.63439078,0.0003813798,0.00008515359,0.00046653339
,29.072,8.7216,5.2,20.65977453,25.16968417,0.0004641829333,0.00010364168,0.0005678246133
,24.983,7.4949,5.2,17.75396076,29.28923901,0.0003988952333,0.000089064395,0.0004879596283
,27.12,8.136,5.2,19.272602,26.98130745,0.000433016,0.0000966828,0.0005296988
,25.935,7.7805,5.2,18.43049163,28.21411445,0.0004140955,0.000092458275,0.000506553775
,,,,,,0,0,0
DEE 40,20.11,8.044,5.2,15.22300187,34.15883441,0.0003210896667,0.00009558953333,0.0004166792
,28.18,11.272,5.2,21.33188427,24.37665578,0.0004499406667,0.0001339489333,0.0005838896
,20.49,8.196,5.2,15.5106568,33.52533724,0.000327157,0.0000973958,0.0004245528
,27.43,10.972,5.2,20.76414427,25.04317025,0.0004379656667,0.0001303839333,0.0005683496
,26.28,10.512,5.2,19.8936096,26.13904718,0.000419604,0.0001249176,0.0005445216
,22.041,8.8164,5.2,16.68474312,31.16619754,0.0003519213,0.00010476822,0.00045668952
,27.756,11.1024,5.2,21.01092192,24.749033,0.0004431708,0.00013193352,0.00057510432
,26.955,10.782,5.2,20.4045756,25.48448006,0.0004303815,0.0001281261,0.0005585076
,22.4,8.96,5.2,16.95650133,30.66670357,0.0003576533333,0.0001064746667,0.000464128
,23.429,9.3716,5.2,17.73544061,29.31982415,0.0003740830333,0.0001113658467,0.00048544888
,21.522,8.6088,5.2,16.29186704,31.91776601,0.0003436346,0.00010230124,0.00044593584
,20.86,8.344,5.2,15.79074187,32.9306884,0.0003330646667,0.00009915453333,0.0004322192
,28.042,11.2168,5.2,21.22742011,24.49661793,0.0004477372667,0.0001332929733,0.00058103024
,19.744,7.8976,5.2,14.94594475,34.79204619,0.0003152458667,0.00009384981333,0.00040909568
,24.288,9.7152,5.2,18.38569216,28.28286232,0.0003877984,0.00011544896,0.00050324736
,25.298,10.1192,5.2,19.15024869,27.15369436,0.0004039247333,0.0001202498267,0.00052417456
,20.421,8.1684,5.2,15.45842472,33.63861515,0.0003260553,0.00009706782,0.00042312312
,22.616,9.0464,5.2,17.12001045,30.37381323,0.0003611021333,0.0001075013867,0.00046860352
,20.848,8.3392,5.2,15.78165803,32.94964313,0.0003328730667,0.00009909749333,0.00043197056
,20.958,8.3832,5.2,15.86492656,32.77670388,0.0003346294,0.00009962036,0.00043424976
,25.935,10.374,5.2,19.6324492,26.48676152,0.0004140955,0.0001232777,0.0005373732
,20.972,8.3888,5.2,15.87552437,32.75482357,0.0003348529333,0.00009968690667,0.00043453984
,22.008,8.8032,5.2,16.65976256,31.21292984,0.0003513944,0.00010461136,0.00045600576
,23.886,9.5544,5.2,18.08138352,28.75886126,0.0003813798,0.00011353812,0.00049491792
,20.584,8.2336,5.2,15.58181355,33.37223863,0.0003286578667,0.00009784261333,0.00042650048
,29.072,11.6288,5.2,22.00711637,23.62872042,0.0004641829333,0.0001381889067,0.00060237184
,24.983,9.9932,5.2,18.91179789,27.49606372,0.0003988952333,0.0001187525267,0.00051764776
,27.12,10.848,5.2,20.5294784,25.32943068,0.000433016,0.0001289104,0.0005619264
,25.935,10.374,5.2,19.6324492,26.48676152,0.0004140955,0.0001232777,0.0005373732
,,,,,,0,0,0
DIESEL 10,28.18,2.818,5.2,17.78458587,29.23880285,0.0004499406667,0.000039452,0.0004893926667
,27.43,2.743,5.2,17.31125587,30.03825973,0.0004379656667,0.000038402,0.0004763676667
,26.28,2.628,5.2,16.5854832,31.35271935,0.000419604,0.000036792,0.000456396
,33.83,3.383,5.2,21.35033853,24.35558571,0.0005401523333,0.000047362,0.0005875143333
,27.756,2.7756,5.2,17.51699664,29.68545412,0.0004431708,0.0000388584,0.0004820292
,26.955,2.6955,5.2,17.0114802,30.56759282,0.0004303815,0.000037737,0.0004681185
,28.042,2.8042,5.2,17.69749315,29.38269255,0.0004477372667,0.0000392588,0.0004869960667
,24.288,2.4288,5.2,15.32831872,33.92413803,0.0003877984,0.0000340032,0.0004218016
,25.298,2.5298,5.2,15.96573645,32.56974719,0.0004039247333,0.0000354172,0.0004393419333
,30.807,3.0807,5.2,19.44250308,26.74552746,0.0004918851,0.0000431298,0.0005350149
,25.935,2.5935,5.2,16.3677514,31.76978849,0.0004140955,0.000036309,0.0004504045
,23.886,2.3886,5.2,15.07461384,34.49507931,0.0003813798,0.0000334404,0.0004148202
,33.264,3.3264,5.2,20.99313216,24.77000554,0.0005311152,0.0000465696,0.0005776848
,29.072,2.9072,5.2,18.34753301,28.34168494,0.0004641829333,0.0000407008,0.0005048837333
,24.983,2.4983,5.2,15.76693785,32.98040525,0.0003988952333,0.0000349762,0.0004338714333
,32.508,3.2508,5.2,20.51601552,25.34605219,0.0005190444,0.0000455112,0.0005645556
,27.12,2.712,5.2,17.1156128,30.38161742,0.000433016,0.000037968,0.000470984
,25.935,2.5935,5.2,16.3677514,31.76978849,0.0004140955,0.000036309,0.0004504045
,,,,,,0,0,0
DIESEL 20,28.18,5.636,5.2,19.46129587,26.71970066,0.0004499406667,0.000078904,0.0005288446667
,27.43,5.486,5.2,18.94334087,27.45027942,0.0004379656667,0.000076804,0.0005147696667
,26.28,5.256,5.2,18.1491432,28.65149028,0.000419604,0.000073584,0.000493188
,22.041,4.4082,5.2,15.22166154,34.16184223,0.0003519213,0.0000617148,0.0004136361
,27.756,5.5512,5.2,19.16847864,27.12787018,0.0004431708,0.0000777168,0.0005208876
,26.955,5.391,5.2,18.6153027,27.93400722,0.0004303815,0.000075474,0.0005058555
,22.4,4.48,5.2,15.46958933,33.6143377,0.0003576533333,0.00006272,0.0004203733333
,23.429,4.6858,5.2,16.18022359,32.1379984,0.0003740830333,0.0000656012,0.0004396842333
,21.522,4.3044,5.2,14.86323668,34.98565025,0.0003436346,0.0000602616,0.0004038962
,28.042,5.6084,5.2,19.36599215,26.85119337,0.0004477372667,0.0000785176,0.0005262548667
,24.288,4.8576,5.2,16.77345472,31.00136547,0.0003877984,0.0000680064,0.0004558048
,25.298,5.0596,5.2,17.47096745,29.76366371,0.0004039247333,0.0000708344,0.0004747591333
,30.807,6.1614,5.2,21.27551958,24.44123623,0.0004918851,0.0000862596,0.0005781447
,22.616,4.5232,5.2,15.61876037,33.29329521,0.0003611021333,0.0000633248,0.0004244269333
,25.935,5.187,5.2,17.9108839,29.03262636,0.0004140955,0.000072618,0.0004867135
,22.008,4.4016,5.2,15.19887152,34.21306637,0.0003513944,0.0000616224,0.0004130168
,23.886,4.7772,5.2,16.49583084,31.52311666,0.0003813798,0.0000668808,0.0004482606
,29.072,5.8144,5.2,20.07731701,25.89987495,0.0004641829333,0.0000814016,0.0005455845333
,24.983,4.9966,5.2,17.25342635,30.13894106,0.0003988952333,0.0000699524,0.0004688476333
,32.508,6.5016,5.2,22.45024152,23.16233434,0.0005190444,0.0000910224,0.0006100668
,27.12,5.424,5.2,18.7292528,27.76405474,0.000433016,0.000075936,0.000508952
,25.935,5.187,5.2,17.9108839,29.03262636,0.0004140955,0.000072618,0.0004867135
,,,,,,0,0,0
DIESEL 30,20.11,6.033,5.2,15.08464507,34.47214023,0.0003210896667,0.000084462,0.0004055516667
,28.18,8.454,5.2,21.13800587,24.60023917,0.0004499406667,0.000118356,0.0005682966667
,20.49,6.147,5.2,15.3696856,33.8328326,0.000327157,0.000086058,0.000413215
,27.43,8.229,5.2,20.57542587,25.27286693,0.0004379656667,0.000115206,0.0005531716667
,26.28,7.884,5.2,19.7128032,26.37879528,0.000419604,0.000110376,0.00052998
,22.041,6.6123,5.2,16.53310104,31.4520548,0.0003519213,0.0000925722,0.0004444935
,27.756,8.3268,5.2,20.81996064,24.97603185,0.0004431708,0.0001165752,0.000559746
,26.955,8.0865,5.2,20.2191252,25.71822445,0.0004303815,0.000113211,0.0005435925
,22.4,6.72,5.2,16.80238933,30.94797946,0.0003576533333,0.00009408,0.0004517333333
,23.429,7.0287,5.2,17.57424909,29.58874642,0.0003740830333,0.0000984018,0.0004724848333
,21.522,6.4566,5.2,16.14379568,32.21051668,0.0003436346,0.0000903924,0.000434027
,20.86,6.258,5.2,15.64722507,33.23272962,0.0003330646667,0.000087612,0.0004206766667
,28.042,8.4126,5.2,21.03449115,24.72130162,0.0004477372667,0.0001177764,0.0005655136667
,24.288,7.2864,5.2,18.21859072,28.54227355,0.0003877984,0.0001020096,0.000489808
,25.298,7.5894,5.2,18.97619845,27.40274883,0.0004039247333,0.0001062516,0.0005101763333
,20.421,6.1263,5.2,15.31792824,33.9471495,0.0003260553,0.0000857682,0.0004118235
,22.616,6.7848,5.2,16.96441237,30.65240272,0.0003611021333,0.0000949872,0.0004560893333
,20.848,6.2544,5.2,15.63822379,33.25185821,0.0003328730667,0.0000875616,0.0004204346667
,20.958,6.2874,5.2,15.72073552,33.07733276,0.0003346294,0.0000880236,0.000422653
,25.935,7.7805,5.2,19.4540164,26.72969886,0.0004140955,0.000108927,0.0005230225
,20.972,6.2916,5.2,15.73123701,33.05525176,0.0003348529333,0.0000880824,0.0004229353333
,22.008,6.6024,5.2,16.50834752,31.49921574,0.0003513944,0.0000924336,0.000443828
,23.886,7.1658,5.2,17.91704784,29.02263836,0.0003813798,0.0001003212,0.000481701
,20.584,6.1752,5.2,15.44019563,33.67832977,0.0003286578667,0.0000864528,0.0004151106667
,29.072,8.7216,5.2,21.80710101,23.84544372,0.0004641829333,0.0001221024,0.0005862853333
,24.983,7.4949,5.2,18.73991485,27.74825841,0.0003988952333,0.0001049286,0.0005038238333
,27.12,8.136,5.2,20.3428928,25.56175295,0.000433016,0.000113904,0.00054692
,25.935,7.7805,5.2,19.4540164,26.72969886,0.0004140955,0.000108927,0.0005230225
,,,,,,0,0,0
DIESEL 40,20.11,8.044,5.2,16.28119007,31.93869722,0.0003210896667,0.000112616,0.0004337056667
,20.49,8.196,5.2,16.5888406,31.3463739,0.000327157,0.000114744,0.000441901
,27.43,10.972,5.2,22.20751087,23.41550132,0.0004379656667,0.000153608,0.0005915736667
,19.13,7.652,5.2,15.48777553,33.57486676,0.0003054423333,0.000107128,0.0004125703333
,26.28,10.512,5.2,21.2764632,24.44015225,0.000419604,0.000147168,0.000566772
,22.041,8.8164,5.2,17.84454054,29.14056536,0.0003519213,0.0001234296,0.0004753509
,27.756,11.1024,5.2,22.47144264,23.14048138,0.0004431708,0.0001554336,0.0005986044
,26.955,10.782,5.2,21.8229477,23.82812841,0.0004303815,0.000150948,0.0005813295
,22.4,8.96,5.2,18.13518933,28.67353577,0.0003576533333,0.00012544,0.0004830933333
,18.648,7.4592,5.2,15.09754512,34.44268561,0.0002977464,0.0001044288,0.0004021752
,23.429,9.3716,5.2,18.96827459,27.41419613,0.0003740830333,0.0001312024,0.0005052854333
,21.522,8.6088,5.2,17.42435468,29.843286,0.0003436346,0.0001205232,0.0004641578
,20.86,8.344,5.2,16.88839507,30.79037398,0.0003330646667,0.000116816,0.0004498806667
,19.744,7.8976,5.2,15.98487403,32.53075371,0.0003152458667,0.0001105664,0.0004258122667
,24.288,9.7152,5.2,19.66372672,26.44463114,0.0003877984,0.0001360128,0.0005238112
,25.298,10.1192,5.2,20.48142945,25.38885292,0.0004039247333,0.0001416688,0.0005455935333
,18.891,7.5564,5.2,15.29427954,33.9996401,0.0003016263,0.0001057896,0.0004074159
,20.421,8.1684,5.2,16.53297774,31.45228937,0.0003260553,0.0001143576,0.0004404129
,19.432,7.7728,5.2,15.73227675,33.05306717,0.0003102642667,0.0001088192,0.0004190834667
,22.616,9.0464,5.2,18.31006437,28.39968169,0.0003611021333,0.0001266496,0.0004877517333
,20.848,8.3392,5.2,16.87867979,30.80809676,0.0003328730667,0.0001167488,0.0004496218667
,20.958,8.3832,5.2,16.96773652,30.64639761,0.0003346294,0.0001173648,0.0004519942
,25.935,10.374,5.2,20.9971489,24.76526706,0.0004140955,0.000145236,0.0005593315
,20.972,8.3888,5.2,16.97907101,30.6259394,0.0003348529333,0.0001174432,0.0004522961333
,22.008,8.8032,5.2,17.81782352,29.18426032,0.0003513944,0.0001232448,0.0004746392
,19.053,7.6212,5.2,15.42543582,33.71055483,0.0003042129,0.0001066968,0.0004109097
,23.886,9.5544,5.2,19.33826484,26.88969276,0.0003813798,0.0001337616,0.0005151414
,19.376,7.7504,5.2,15.68693877,33.14859626,0.0003093701333,0.0001085056,0.0004178757333
,20.584,8.2336,5.2,16.66494363,31.20322586,0.0003286578667,0.0001152704,0.0004439282667
,24.983,9.9932,5.2,20.22640335,25.70897015,0.0003988952333,0.0001399048,0.0005388000333
,27.12,10.848,5.2,21.9565328,23.68315639,0.000433016,0.000151872,0.000584888
,25.935,10.374,5.2,20.9971489,24.76526706,0.0004140955,0.000145236,0.0005593315
,,,,,,0,0,0
ethanol 10,28.18,2.818,5.2,17.09854377,30.4119466,0.0004499406667,0.00003710366667,0.0004870443333
,27.43,2.743,5.2,Heat Input = 16.64347251666667,31.24347996,0.0004379656667,0.00003611616667,0.0004740818333
,26.28,2.628,5.2,Heat Input = 15.945696599999998,32.61067942,0.000419604,0.000034602,0.000454206
,33.83,3.383,5.2,Heat Input = 20.52674718333333,25.33280092,0.0005401523333,0.00004454283333,0.0005846951667
,27.756,2.7756,5.2,Heat Input = 16.841276819999997,30.87651878,0.0004431708,0.0000365454,0.0004797162
,26.955,2.6955,5.2,Heat Input = 16.355260725,31.79405139,0.0004303815,0.00003549075,0.00046587225
,28.042,2.8042,5.2,Heat Input = 17.014810656666665,30.56160956,0.0004477372667,0.00003692196667,0.0004846592333
,35.945,3.5945,5.2,Heat Input = 21.810048108333337,23.8422216,0.0005739218333,0.00004732758333,0.0006212494167
,25.298,2.5298,5.2,Heat Input = 15.349856643333329,33.87653788,0.0004039247333,0.00003330903333,0.0004372337667
,30.807,3.0807,5.2,Heat Input = 18.692506664999996,27.81863392,0.0004918851,0.00004056255,0.00053244765
,25.935,2.5935,5.2,Heat Input = 15.736363825,33.04448256,0.0004140955,0.00003414775,0.00044824325
,33.264,3.3264,5.2,Heat Input = 20.183320079999998,25.76384846,0.0005311152,0.0000437976,0.0005749128
,29.072,2.9072,5.2,Heat Input = 17.63977517333333,29.47883377,0.0004641829333,0.00003827813333,0.0005024610667
,24.983,2.4983,5.2,Heat Input = 15.158726718333334,34.30367271,0.0003988952333,0.00003289428333,0.0004317895167
,32.508,3.2508,5.2,Heat Input = 19.72460826,26.36300773,0.0005190444,0.0000428022,0.0005618466
,27.12,2.712,5.2,Heat Input = 16.455376400000002,31.60061413,0.000433016,0.000035708,0.000468724
,25.935,2.5935,5.2,Heat Input = 15.736363825,33.04448256,0.0004140955,0.00003414775,0.00044824325
,,,,,,0,0,0
ethanol 20,28.18,5.636,5.2,Heat Input = 18.089211666666664,28.7464158,0.0004499406667,0.00007420733333,0.000524148
,27.43,5.486,5.2,Heat Input = 17.60777416666667,29.53240967,0.0004379656667,0.00007223233333,0.000510198
,26.28,5.256,5.2,Heat Input = 16.86957,30.82473353,0.000419604,0.000069204,0.000488808
,33.83,6.766,5.2,Heat Input = 21.71604083333333,23.94543296,0.0005401523333,0.00008908566667,0.000629238
,27.756,5.5512,5.2,Heat Input = 17.817038999999998,29.18554536,0.0004431708,0.0000730908,0.0005162616
,26.955,5.391,5.2,Heat Input = 17.30286375,30.05282868,0.0004303815,0.0000709815,0.000501363
,23.429,4.6858,5.2,Heat Input = 15.039465583333333,34.57569666,0.0003740830333,0.00006169636667,0.0004357794
,28.042,5.6084,5.2,Heat Input = 18.000627166666664,28.88788236,0.0004477372667,0.00007384393333,0.0005215812
,24.288,4.8576,5.2,Heat Input = 15.590872,33.35284903,0.0003877984,0.0000639584,0.0004517568
,25.298,5.0596,5.2,Heat Input = 16.239207833333328,32.02126639,0.0004039247333,0.00006661806667,0.0004705428
,30.807,6.1614,5.2,Heat Input = 19.775526749999994,26.29512764,0.0004918851,0.0000811251,0.0005730102
,25.935,5.187,5.2,Heat Input = 16.64810875,31.23477915,0.0004140955,0.0000682955,0.000482391
,23.886,4.7772,5.2,Heat Input = 15.332821499999998,33.91417555,0.0003813798,0.0000628998,0.0004442796
,33.264,6.6528,5.2,Heat Input = 21.352715999999997,24.35287389,0.0005311152,0.0000875952,0.0006187104
,29.072,5.8144,5.2,Heat Input = 18.66180133333333,27.86440552,0.0004641829333,0.00007655626667,0.0005407392
,24.983,4.9966,5.2,Heat Input = 16.037004083333333,32.42500889,0.0003988952333,0.00006578856667,0.0004646838
,32.508,6.5016,5.2,Heat Input = 20.867427,24.9192198,0.0005190444,0.0000856044,0.0006046488
,27.12,5.424,5.2,Heat Input = 17.40878,29.86998515,0.000433016,0.000071416,0.000504432
,25.935,5.187,5.2,Heat Input = 16.64810875,31.23477915,0.0004140955,0.0000682955,0.000482391
,,,,,,0,0,0
ethanol 30,28.18,5.636,5.2,Heat Input = 18.089211666666664,28.7464158,0.0004499406667,0.00007420733333,0.000524148
,27.43,5.486,5.2,Heat Input = 17.60777416666667,29.53240967,0.0004379656667,0.00007223233333,0.000510198
,26.28,5.256,5.2,Heat Input = 16.86957,30.82473353,0.000419604,0.000069204,0.000488808
,33.83,6.766,5.2,Heat Input = 21.71604083333333,23.94543296,0.0005401523333,0.00008908566667,0.000629238
,27.756,5.5512,5.2,Heat Input = 17.817038999999998,29.18554536,0.0004431708,0.0000730908,0.0005162616
,26.955,5.391,5.2,Heat Input = 17.30286375,30.05282868,0.0004303815,0.0000709815,0.000501363
,23.429,4.6858,5.2,Heat Input = 15.039465583333333,34.57569666,0.0003740830333,0.00006169636667,0.0004357794
,28.042,5.6084,5.2,Heat Input = 18.000627166666664,28.88788236,0.0004477372667,0.00007384393333,0.0005215812
,24.288,4.8576,5.2,Heat Input = 15.590872,33.35284903,0.0003877984,0.0000639584,0.0004517568
,25.298,5.0596,5.2,Heat Input = 16.239207833333328,32.02126639,0.0004039247333,0.00006661806667,0.0004705428
,30.807,6.1614,5.2,Heat Input = 19.775526749999994,26.29512764,0.0004918851,0.0000811251,0.0005730102
,25.935,5.187,5.2,Heat Input = 16.64810875,31.23477915,0.0004140955,0.0000682955,0.000482391
,23.886,4.7772,5.2,Heat Input = 15.332821499999998,33.91417555,0.0003813798,0.0000628998,0.0004442796
,33.264,6.6528,5.2,Heat Input = 21.352715999999997,24.35287389,0.0005311152,0.0000875952,0.0006187104
,29.072,5.8144,5.2,Heat Input = 18.66180133333333,27.86440552,0.0004641829333,0.00007655626667,0.0005407392
,24.983,4.9966,5.2,Heat Input = 16.037004083333333,32.42500889,0.0003988952333,0.00006578856667,0.0004646838
,32.508,6.5016,5.2,Heat Input = 20.867427,24.9192198,0.0005190444,0.0000856044,0.0006046488
,27.12,5.424,5.2,Heat Input = 17.40878,29.86998515,0.000433016,0.000071416,0.000504432
,25.935,5.187,5.2,Heat Input = 16.64810875,31.23477915,0.0004140955,0.0000682955,0.000482391
,,,,,,0,0,0
ethanol 40,28.18,11.272,5.2,Heat Input = 20.070547466666664,25.90861066,0.0004499406667,0.0001484146667,0.0005983553333
,27.43,10.972,5.2,Heat Input = 19.536377466666668,26.61701233,0.0004379656667,0.0001444646667,0.0005824303333
,26.28,10.512,5.2,Heat Input = 18.7173168,27.78175983,0.000419604,0.000138408,0.000558012
,22.041,8.8164,5.2,Heat Input = 15.69818796,33.12484226,0.0003519213,0.0001160826,0.0004680039
,27.756,11.1024,5.2,Heat Input = 19.768563359999998,26.30438998,0.0004431708,0.0001461816,0.0005893524
,26.955,10.782,5.2,Heat Input = 19.1980698,27.08605633,0.0004303815,0.000141963,0.0005723445
,22.4,8.96,5.2,Heat Input = 15.953877333333335,32.59395751,0.0003576533333,0.0001179733333,0.0004756266667
,23.429,9.3716,5.2,Heat Input = 16.686758573333332,31.16243324,0.0003740830333,0.0001233927333,0.0004974757667
,21.522,8.6088,5.2,Heat Input = 15.328542319999997,33.92364317,0.0003436346,0.0001133492,0.0004569838
,28.042,11.2168,5.2,Heat Input = 19.972260186666666,26.03611184,0.0004477372667,0.0001476878667,0.0005954251333
,24.288,9.7152,5.2,Heat Input = 17.29856128,30.06030337,0.0003877984,0.0001279168,0.0005157152
,25.298,10.1192,5.2,Heat Input = 18.01791021333333,28.86017268,0.0004039247333,0.0001332361333,0.0005371608667
,30.807,12.3228,5.2,Heat Input = 21.941566919999996,23.69931017,0.0004918851,0.0001622502,0.0006541353
,22.616,9.0464,5.2,Heat Input = 16.10771829333333,32.28266043,0.0003611021333,0.0001191109333,0.0004802130667
,20.958,8.3832,5.2,Heat Input = 14.92684648,34.83656114,0.0003346294,0.0001103788,0.0004450082
,25.935,10.374,5.2,Heat Input = 18.4715986,28.15132633,0.0004140955,0.000136591,0.0005506865
,20.972,8.3888,5.2,Heat Input = 14.936817653333335,34.81330576,0.0003348529333,0.0001104525333,0.0004453054667
,22.008,8.8032,5.2,Heat Input = 15.674684479999996,33.17451147,0.0003513944,0.0001159088,0.0004673032
,23.886,9.5544,5.2,Heat Input = 17.012246159999997,30.56621654,0.0003813798,0.0001257996,0.0005071794
,29.072,11.6288,5.2,Heat Input = 20.70585365333333,25.11367117,0.0004641829333,0.0001531125333,0.0006172954667
,24.983,9.9932,5.2,Heat Input = 17.793558813333334,29.22405829,0.0003988952333,0.0001315771333,0.0005304723667
,27.12,10.848,5.2,Heat Input = 19.3155872,26.92126284,0.000433016,0.000142832,0.000575848
,25.935,10.374,5.2,Heat Input = 18.4715986,28.15132633,0.0004140955,0.000136591,0.0005506865