Crank_angle,Volume,cf_value,density,viscosity,cetane,mass_of_fuel,load,pressure
1,40.16,36500,937.9,38.1,35,0.00019,4.65,2.16
2,40.34,36500,937.9,38.1,35,0.00019,4.65,2.19
3,40.65,36500,937.9,38.1,35,0.00019,4.65,2.22
4,41.09,36500,937.9,38.1,35,0.00019,4.65,2.12
5,41.65,36500,937.9,38.1,35,0.00019,4.65,2.12
6,42.33,36500,937.9,38.1,35,0.00019,4.65,2.09
7,43.14,36500,937.9,38.1,35,0.00019,4.65,2.02
8,44.07,36500,937.9,38.1,35,0.00019,4.65,1.99
9,45.12,36500,937.9,38.1,35,0.00019,4.65,1.92
10,46.29,36500,937.9,38.1,35,0.00019,4.65,1.89
11,47.59,36500,937.9,38.1,35,0.00019,4.65,1.75
12,49,36500,937.9,38.1,35,0.00019,4.65,1.75
13,50.54,36500,937.9,38.1,35,0.00019,4.65,1.68
14,52.19,36500,937.9,38.1,35,0.00019,4.65,1.62
15,53.97,36500,937.9,38.1,35,0.00019,4.65,1.58
16,55.86,36500,937.9,38.1,35,0.00019,4.65,1.58
17,57.87,36500,937.9,38.1,35,0.00019,4.65,1.58
18,60,36500,937.9,38.1,35,0.00019,4.65,1.58
19,62.24,36500,937.9,38.1,35,0.00019,4.65,1.62
20,64.59,36500,937.9,38.1,35,0.00019,4.65,1.58
21,67.06,36500,937.9,38.1,35,0.00019,4.65,1.58
22,69.64,36500,937.9,38.1,35,0.00019,4.65,1.55
23,72.33,36500,937.9,38.1,35,0.00019,4.65,1.48
24,75.13,36500,937.9,38.1,35,0.00019,4.65,1.52
25,78.04,36500,937.9,38.1,35,0.00019,4.65,1.55
26,81.06,36500,937.9,38.1,35,0.00019,4.65,1.48
27,84.18,36500,937.9,38.1,35,0.00019,4.65,1.55
28,87.4,36500,937.9,38.1,35,0.00019,4.65,1.52
29,90.73,36500,937.9,38.1,35,0.00019,4.65,1.58
30,94.16,36500,937.9,38.1,35,0.00019,4.65,1.55
31,97.68,36500,937.9,38.1,35,0.00019,4.65,1.52
32,101.31,36500,937.9,38.1,35,0.00019,4.65,1.58
33,105.03,36500,937.9,38.1,35,0.00019,4.65,1.55
34,108.85,36500,937.9,38.1,35,0.00019,4.65,1.52
35,112.76,36500,937.9,38.1,35,0.00019,4.65,1.58
36,116.75,36500,937.9,38.1,35,0.00019,4.65,1.58
37,120.84,36500,937.9,38.1,35,0.00019,4.65,1.58
38,125.02,36500,937.9,38.1,35,0.00019,4.65,1.58
39,129.28,36500,937.9,38.1,35,0.00019,4.65,1.58
40,133.63,36500,937.9,38.1,35,0.00019,4.65,1.58
41,138.05,36500,937.9,38.1,35,0.00019,4.65,1.58
42,142.56,36500,937.9,38.1,35,0.00019,4.65,1.58
43,147.15,36500,937.9,38.1,35,0.00019,4.65,1.58
44,151.81,36500,937.9,38.1,35,0.00019,4.65,1.58
45,156.54,36500,937.9,38.1,35,0.00019,4.65,1.58
46,161.35,36500,937.9,38.1,35,0.00019,4.65,1.58
47,166.22,36500,937.9,38.1,35,0.00019,4.65,1.58
48,171.16,36500,937.9,38.1,35,0.00019,4.65,1.58
49,176.17,36500,937.9,38.1,35,0.00019,4.65,1.55
50,181.24,36500,937.9,38.1,35,0.00019,4.65,1.55
51,186.37,36500,937.9,38.1,35,0.00019,4.65,1.55
52,191.56,36500,937.9,38.1,35,0.00019,4.65,1.55
53,196.81,36500,937.9,38.1,35,0.00019,4.65,1.55
54,202.11,36500,937.9,38.1,35,0.00019,4.65,1.58
55,207.46,36500,937.9,38.1,35,0.00019,4.65,1.58
56,212.87,36500,937.9,38.1,35,0.00019,4.65,1.58
57,218.32,36500,937.9,38.1,35,0.00019,4.65,1.58
58,223.81,36500,937.9,38.1,35,0.00019,4.65,1.58
59,229.35,36500,937.9,38.1,35,0.00019,4.65,1.58
60,234.93,36500,937.9,38.1,35,0.00019,4.65,1.58
61,240.55,36500,937.9,38.1,35,0.00019,4.65,1.55
62,246.21,36500,937.9,38.1,35,0.00019,4.65,1.52
63,251.9,36500,937.9,38.1,35,0.00019,4.65,1.58
64,257.62,36500,937.9,38.1,35,0.00019,4.65,1.58
65,263.37,36500,937.9,38.1,35,0.00019,4.65,1.58
66,269.14,36500,937.9,38.1,35,0.00019,4.65,1.55
67,274.95,36500,937.9,38.1,35,0.00019,4.65,1.55
68,280.77,36500,937.9,38.1,35,0.00019,4.65,1.55
69,286.62,36500,937.9,38.1,35,0.00019,4.65,1.55
70,292.48,36500,937.9,38.1,35,0.00019,4.65,1.52
71,298.36,36500,937.9,38.1,35,0.00019,4.65,1.58
72,304.25,36500,937.9,38.1,35,0.00019,4.65,1.58
73,310.16,36500,937.9,38.1,35,0.00019,4.65,1.58
74,316.07,36500,937.9,38.1,35,0.00019,4.65,1.58
75,322,36500,937.9,38.1,35,0.00019,4.65,1.58
76,327.92,36500,937.9,38.1,35,0.00019,4.65,1.58
77,333.85,36500,937.9,38.1,35,0.00019,4.65,1.58
78,339.78,36500,937.9,38.1,35,0.00019,4.65,1.58
79,345.71,36500,937.9,38.1,35,0.00019,4.65,1.55
80,351.64,36500,937.9,38.1,35,0.00019,4.65,1.55
81,357.56,36500,937.9,38.1,35,0.00019,4.65,1.52
82,363.48,36500,937.9,38.1,35,0.00019,4.65,1.58
83,369.38,36500,937.9,38.1,35,0.00019,4.65,1.55
84,375.27,36500,937.9,38.1,35,0.00019,4.65,1.55
85,381.15,36500,937.9,38.1,35,0.00019,4.65,1.52
86,387.02,36500,937.9,38.1,35,0.00019,4.65,1.58
87,392.87,36500,937.9,38.1,35,0.00019,4.65,1.55
88,398.69,36500,937.9,38.1,35,0.00019,4.65,1.52
89,404.5,36500,937.9,38.1,35,0.00019,4.65,1.58
90,410.29,36500,937.9,38.1,35,0.00019,4.65,1.55
91,416.05,36500,937.9,38.1,35,0.00019,4.65,1.55
92,421.78,36500,937.9,38.1,35,0.00019,4.65,1.55
93,427.49,36500,937.9,38.1,35,0.00019,4.65,1.55
94,433.17,36500,937.9,38.1,35,0.00019,4.65,1.55
95,438.81,36500,937.9,38.1,35,0.00019,4.65,1.55
96,444.43,36500,937.9,38.1,35,0.00019,4.65,1.55
97,450.01,36500,937.9,38.1,35,0.00019,4.65,1.55
98,455.55,36500,937.9,38.1,35,0.00019,4.65,1.55
99,461.06,36500,937.9,38.1,35,0.00019,4.65,1.58
100,466.52,36500,937.9,38.1,35,0.00019,4.65,1.58
101,471.95,36500,937.9,38.1,35,0.00019,4.65,1.62
102,477.34,36500,937.9,38.1,35,0.00019,4.65,1.62
103,482.68,36500,937.9,38.1,35,0.00019,4.65,1.62
104,487.98,36500,937.9,38.1,35,0.00019,4.65,1.58
105,493.23,36500,937.9,38.1,35,0.00019,4.65,1.62
106,498.43,36500,937.9,38.1,35,0.00019,4.65,1.62
107,503.59,36500,937.9,38.1,35,0.00019,4.65,1.65
108,508.7,36500,937.9,38.1,35,0.00019,4.65,1.68
109,513.75,36500,937.9,38.1,35,0.00019,4.65,1.65
110,518.76,36500,937.9,38.1,35,0.00019,4.65,1.65
111,523.71,36500,937.9,38.1,35,0.00019,4.65,1.65
112,528.6,36500,937.9,38.1,35,0.00019,4.65,1.68
113,533.45,36500,937.9,38.1,35,0.00019,4.65,1.65
114,538.23,36500,937.9,38.1,35,0.00019,4.65,1.72
115,542.96,36500,937.9,38.1,35,0.00019,4.65,1.68
116,547.63,36500,937.9,38.1,35,0.00019,4.65,1.65
117,552.25,36500,937.9,38.1,35,0.00019,4.65,1.68
118,556.8,36500,937.9,38.1,35,0.00019,4.65,1.65
119,561.29,36500,937.9,38.1,35,0.00019,4.65,1.68
120,565.72,36500,937.9,38.1,35,0.00019,4.65,1.65
121,570.09,36500,937.9,38.1,35,0.00019,4.65,1.72
122,574.4,36500,937.9,38.1,35,0.00019,4.65,1.72
123,578.64,36500,937.9,38.1,35,0.00019,4.65,1.72
124,582.82,36500,937.9,38.1,35,0.00019,4.65,1.72
125,586.93,36500,937.9,38.1,35,0.00019,4.65,1.72
126,590.98,36500,937.9,38.1,35,0.00019,4.65,1.72
127,594.96,36500,937.9,38.1,35,0.00019,4.65,1.72
128,598.87,36500,937.9,38.1,35,0.00019,4.65,1.72
129,602.72,36500,937.9,38.1,35,0.00019,4.65,1.75
130,606.49,36500,937.9,38.1,35,0.00019,4.65,1.75
131,610.2,36500,937.9,38.1,35,0.00019,4.65,1.75
132,613.84,36500,937.9,38.1,35,0.00019,4.65,1.75
133,617.41,36500,937.9,38.1,35,0.00019,4.65,1.72
134,620.91,36500,937.9,38.1,35,0.00019,4.65,1.72
135,624.34,36500,937.9,38.1,35,0.00019,4.65,1.75
136,627.7,36500,937.9,38.1,35,0.00019,4.65,1.75
137,630.99,36500,937.9,38.1,35,0.00019,4.65,1.75
138,634.2,36500,937.9,38.1,35,0.00019,4.65,1.75
139,637.35,36500,937.9,38.1,35,0.00019,4.65,1.75
140,640.42,36500,937.9,38.1,35,0.00019,4.65,1.75
141,643.42,36500,937.9,38.1,35,0.00019,4.65,1.75
142,646.34,36500,937.9,38.1,35,0.00019,4.65,1.79
143,649.19,36500,937.9,38.1,35,0.00019,4.65,1.79
144,651.97,36500,937.9,38.1,35,0.00019,4.65,1.82
145,654.68,36500,937.9,38.1,35,0.00019,4.65,1.72
146,657.31,36500,937.9,38.1,35,0.00019,4.65,1.82
147,659.86,36500,937.9,38.1,35,0.00019,4.65,1.75
148,662.35,36500,937.9,38.1,35,0.00019,4.65,1.79
149,664.75,36500,937.9,38.1,35,0.00019,4.65,1.82
150,667.09,36500,937.9,38.1,35,0.00019,4.65,1.75
151,669.34,36500,937.9,38.1,35,0.00019,4.65,1.79
152,671.52,36500,937.9,38.1,35,0.00019,4.65,1.82
153,673.63,36500,937.9,38.1,35,0.00019,4.65,1.75
154,675.66,36500,937.9,38.1,35,0.00019,4.65,1.82
155,677.62,36500,937.9,38.1,35,0.00019,4.65,1.79
156,679.5,36500,937.9,38.1,35,0.00019,4.65,1.85
157,681.3,36500,937.9,38.1,35,0.00019,4.65,1.79
158,683.03,36500,937.9,38.1,35,0.00019,4.65,1.85
159,684.68,36500,937.9,38.1,35,0.00019,4.65,1.82
160,686.25,36500,937.9,38.1,35,0.00019,4.65,1.75
161,687.75,36500,937.9,38.1,35,0.00019,4.65,1.85
162,689.17,36500,937.9,38.1,35,0.00019,4.65,1.85
163,690.52,36500,937.9,38.1,35,0.00019,4.65,1.82
164,691.79,36500,937.9,38.1,35,0.00019,4.65,1.79
165,692.98,36500,937.9,38.1,35,0.00019,4.65,1.89
166,694.09,36500,937.9,38.1,35,0.00019,4.65,1.82
167,695.13,36500,937.9,38.1,35,0.00019,4.65,1.82
168,696.09,36500,937.9,38.1,35,0.00019,4.65,1.82
169,696.98,36500,937.9,38.1,35,0.00019,4.65,1.79
170,697.79,36500,937.9,38.1,35,0.00019,4.65,1.89
171,698.52,36500,937.9,38.1,35,0.00019,4.65,1.85
172,699.17,36500,937.9,38.1,35,0.00019,4.65,1.85
173,699.75,36500,937.9,38.1,35,0.00019,4.65,1.85
174,700.25,36500,937.9,38.1,35,0.00019,4.65,1.85
175,700.67,36500,937.9,38.1,35,0.00019,4.65,1.85
176,701.02,36500,937.9,38.1,35,0.00019,4.65,1.85
177,701.29,36500,937.9,38.1,35,0.00019,4.65,1.85
178,701.48,36500,937.9,38.1,35,0.00019,4.65,1.85
179,701.59,36500,937.9,38.1,35,0.00019,4.65,1.85
180,701.63,36500,937.9,38.1,35,0.00019,4.65,1.85
181,701.59,36500,937.9,38.1,35,0.00019,4.65,1.85
182,701.48,36500,937.9,38.1,35,0.00019,4.65,1.85
183,701.28,36500,937.9,38.1,35,0.00019,4.65,1.85
184,701.01,36500,937.9,38.1,35,0.00019,4.65,1.85
185,700.66,36500,937.9,38.1,35,0.00019,4.65,1.89
186,700.24,36500,937.9,38.1,35,0.00019,4.65,1.85
187,699.74,36500,937.9,38.1,35,0.00019,4.65,1.89
188,699.16,36500,937.9,38.1,35,0.00019,4.65,1.85
189,698.5,36500,937.9,38.1,35,0.00019,4.65,1.85
190,697.77,36500,937.9,38.1,35,0.00019,4.65,1.89
191,696.96,36500,937.9,38.1,35,0.00019,4.65,1.89
192,696.07,36500,937.9,38.1,35,0.00019,4.65,1.89
193,695.11,36500,937.9,38.1,35,0.00019,4.65,1.89
194,694.07,36500,937.9,38.1,35,0.00019,4.65,1.85
195,692.95,36500,937.9,38.1,35,0.00019,4.65,1.89
196,691.76,36500,937.9,38.1,35,0.00019,4.65,1.89
197,690.49,36500,937.9,38.1,35,0.00019,4.65,1.89
198,689.14,36500,937.9,38.1,35,0.00019,4.65,1.89
199,687.72,36500,937.9,38.1,35,0.00019,4.65,1.89
200,686.22,36500,937.9,38.1,35,0.00019,4.65,1.89
201,684.65,36500,937.9,38.1,35,0.00019,4.65,1.89
202,682.99,36500,937.9,38.1,35,0.00019,4.65,1.89
203,681.27,36500,937.9,38.1,35,0.00019,4.65,1.89
204,679.46,36500,937.9,38.1,35,0.00019,4.65,1.92
205,677.58,36500,937.9,38.1,35,0.00019,4.65,1.95
206,675.63,36500,937.9,38.1,35,0.00019,4.65,1.89
207,673.59,36500,937.9,38.1,35,0.00019,4.65,1.89
208,671.49,36500,937.9,38.1,35,0.00019,4.65,1.92
209,669.3,36500,937.9,38.1,35,0.00019,4.65,1.95
210,667.05,36500,937.9,38.1,35,0.00019,4.65,1.95
211,664.71,36500,937.9,38.1,35,0.00019,4.65,1.95
212,662.3,36500,937.9,38.1,35,0.00019,4.65,1.95
213,659.82,36500,937.9,38.1,35,0.00019,4.65,1.95
214,657.27,36500,937.9,38.1,35,0.00019,4.65,1.95
215,654.63,36500,937.9,38.1,35,0.00019,4.65,1.95
216,651.93,36500,937.9,38.1,35,0.00019,4.65,1.99
217,649.15,36500,937.9,38.1,35,0.00019,4.65,1.99
218,646.3,36500,937.9,38.1,35,0.00019,4.65,1.99
219,643.37,36500,937.9,38.1,35,0.00019,4.65,2.02
220,640.37,36500,937.9,38.1,35,0.00019,4.65,2.02
221,637.3,36500,937.9,38.1,35,0.00019,4.65,2.02
222,634.16,36500,937.9,38.1,35,0.00019,4.65,2.02
223,630.94,36500,937.9,38.1,35,0.00019,4.65,2.06
224,627.65,36500,937.9,38.1,35,0.00019,4.65,2.09
225,624.29,36500,937.9,38.1,35,0.00019,4.65,2.02
226,620.87,36500,937.9,38.1,35,0.00019,4.65,2.06
227,617.36,36500,937.9,38.1,35,0.00019,4.65,2.12
228,613.79,36500,937.9,38.1,35,0.00019,4.65,2.09
229,610.16,36500,937.9,38.1,35,0.00019,4.65,2.09
230,606.45,36500,937.9,38.1,35,0.00019,4.65,2.09
231,602.67,36500,937.9,38.1,35,0.00019,4.65,2.09
232,598.82,36500,937.9,38.1,35,0.00019,4.65,2.12
233,594.91,36500,937.9,38.1,35,0.00019,4.65,2.16
234,590.93,36500,937.9,38.1,35,0.00019,4.65,2.16
235,586.89,36500,937.9,38.1,35,0.00019,4.65,2.16
236,582.77,36500,937.9,38.1,35,0.00019,4.65,2.19
237,578.6,36500,937.9,38.1,35,0.00019,4.65,2.22
238,574.36,36500,937.9,38.1,35,0.00019,4.65,2.19
239,570.05,36500,937.9,38.1,35,0.00019,4.65,2.26
240,565.68,36500,937.9,38.1,35,0.00019,4.65,2.29
241,561.25,36500,937.9,38.1,35,0.00019,4.65,2.26
242,556.76,36500,937.9,38.1,35,0.00019,4.65,2.29
243,552.21,36500,937.9,38.1,35,0.00019,4.65,2.29
244,547.6,36500,937.9,38.1,35,0.00019,4.65,2.32
245,542.93,36500,937.9,38.1,35,0.00019,4.65,2.39
246,538.2,36500,937.9,38.1,35,0.00019,4.65,2.36
247,533.41,36500,937.9,38.1,35,0.00019,4.65,2.36
248,528.57,36500,937.9,38.1,35,0.00019,4.65,2.36
249,523.68,36500,937.9,38.1,35,0.00019,4.65,2.36
250,518.73,36500,937.9,38.1,35,0.00019,4.65,2.39
251,513.72,36500,937.9,38.1,35,0.00019,4.65,2.43
252,508.67,36500,937.9,38.1,35,0.00019,4.65,2.46
253,503.56,36500,937.9,38.1,35,0.00019,4.65,2.53
254,498.41,36500,937.9,38.1,35,0.00019,4.65,2.53
255,493.2,36500,937.9,38.1,35,0.00019,4.65,2.53
256,487.95,36500,937.9,38.1,35,0.00019,4.65,2.59
257,482.66,36500,937.9,38.1,35,0.00019,4.65,2.63
258,477.32,36500,937.9,38.1,35,0.00019,4.65,2.59
259,471.93,36500,937.9,38.1,35,0.00019,4.65,2.66
260,466.51,36500,937.9,38.1,35,0.00019,4.65,2.7
261,461.04,36500,937.9,38.1,35,0.00019,4.65,2.7
262,455.54,36500,937.9,38.1,35,0.00019,4.65,2.73
263,450,36500,937.9,38.1,35,0.00019,4.65,2.8
264,444.42,36500,937.9,38.1,35,0.00019,4.65,2.83
265,438.81,36500,937.9,38.1,35,0.00019,4.65,2.86
266,433.16,36500,937.9,38.1,35,0.00019,4.65,2.9
267,427.49,36500,937.9,38.1,35,0.00019,4.65,2.86
268,421.78,36500,937.9,38.1,35,0.00019,4.65,3
269,416.05,36500,937.9,38.1,35,0.00019,4.65,3
270,410.29,36500,937.9,38.1,35,0.00019,4.65,3.07
271,404.5,36500,937.9,38.1,35,0.00019,4.65,3.1
272,398.7,36500,937.9,38.1,35,0.00019,4.65,3.1
273,392.87,36500,937.9,38.1,35,0.00019,4.65,3.17
274,387.02,36500,937.9,38.1,35,0.00019,4.65,3.17
275,381.16,36500,937.9,38.1,35,0.00019,4.65,3.2
276,375.28,36500,937.9,38.1,35,0.00019,4.65,3.34
277,369.39,36500,937.9,38.1,35,0.00019,4.65,3.37
278,363.49,36500,937.9,38.1,35,0.00019,4.65,3.4
279,357.58,36500,937.9,38.1,35,0.00019,4.65,3.5
280,351.66,36500,937.9,38.1,35,0.00019,4.65,3.5
281,345.73,36500,937.9,38.1,35,0.00019,4.65,3.57
282,339.8,36500,937.9,38.1,35,0.00019,4.65,3.64
283,333.87,36500,937.9,38.1,35,0.00019,4.65,3.71
284,327.95,36500,937.9,38.1,35,0.00019,4.65,3.74
285,322.02,36500,937.9,38.1,35,0.00019,4.65,3.87
286,316.1,36500,937.9,38.1,35,0.00019,4.65,3.94
287,310.19,36500,937.9,38.1,35,0.00019,4.65,4.08
288,304.28,36500,937.9,38.1,35,0.00019,4.65,4.11
289,298.39,36500,937.9,38.1,35,0.00019,4.65,4.14
290,292.51,36500,937.9,38.1,35,0.00019,4.65,4.28
291,286.65,36500,937.9,38.1,35,0.00019,4.65,4.38
292,280.8,36500,937.9,38.1,35,0.00019,4.65,4.45
293,274.98,36500,937.9,38.1,35,0.00019,4.65,4.58
294,269.18,36500,937.9,38.1,35,0.00019,4.65,4.65
295,263.4,36500,937.9,38.1,35,0.00019,4.65,4.75
296,257.65,36500,937.9,38.1,35,0.00019,4.65,4.92
297,251.93,36500,937.9,38.1,35,0.00019,4.65,5.02
298,246.25,36500,937.9,38.1,35,0.00019,4.65,5.22
299,240.59,36500,937.9,38.1,35,0.00019,4.65,5.32
300,234.97,36500,937.9,38.1,35,0.00019,4.65,5.39
301,229.4,36500,937.9,38.1,35,0.00019,4.65,5.59
302,223.86,36500,937.9,38.1,35,0.00019,4.65,5.69
303,218.36,36500,937.9,38.1,35,0.00019,4.65,5.93
304,212.91,36500,937.9,38.1,35,0.00019,4.65,6.06
305,207.51,36500,937.9,38.1,35,0.00019,4.65,6.27
306,202.16,36500,937.9,38.1,35,0.00019,4.65,6.44
307,196.86,36500,937.9,38.1,35,0.00019,4.65,6.64
308,191.61,36500,937.9,38.1,35,0.00019,4.65,6.91
309,186.42,36500,937.9,38.1,35,0.00019,4.65,7.11
310,181.29,36500,937.9,38.1,35,0.00019,4.65,7.34
311,176.22,36500,937.9,38.1,35,0.00019,4.65,7.55
312,171.21,36500,937.9,38.1,35,0.00019,4.65,7.82
313,166.27,36500,937.9,38.1,35,0.00019,4.65,8.09
314,161.39,36500,937.9,38.1,35,0.00019,4.65,8.36
315,156.59,36500,937.9,38.1,35,0.00019,4.65,8.69
316,151.85,36500,937.9,38.1,35,0.00019,4.65,9
317,147.19,36500,937.9,38.1,35,0.00019,4.65,9.33
318,142.61,36500,937.9,38.1,35,0.00019,4.65,9.74
319,138.1,36500,937.9,38.1,35,0.00019,4.65,10.11
320,133.67,36500,937.9,38.1,35,0.00019,4.65,10.48
321,129.33,36500,937.9,38.1,35,0.00019,4.65,10.88
322,125.07,36500,937.9,38.1,35,0.00019,4.65,11.39
323,120.89,36500,937.9,38.1,35,0.00019,4.65,11.83
324,116.8,36500,937.9,38.1,35,0.00019,4.65,12.33
325,112.8,36500,937.9,38.1,35,0.00019,4.65,12.84
326,108.89,36500,937.9,38.1,35,0.00019,4.65,13.48
327,105.07,36500,937.9,38.1,35,0.00019,4.65,13.98
328,101.35,36500,937.9,38.1,35,0.00019,4.65,14.62
329,97.72,36500,937.9,38.1,35,0.00019,4.65,15.3
330,94.2,36500,937.9,38.1,35,0.00019,4.65,15.97
331,90.77,36500,937.9,38.1,35,0.00019,4.65,16.71
332,87.44,36500,937.9,38.1,35,0.00019,4.65,17.52
333,84.21,36500,937.9,38.1,35,0.00019,4.65,18.29
334,81.09,36500,937.9,38.1,35,0.00019,4.65,19.17
335,78.08,36500,937.9,38.1,35,0.00019,4.65,20.05
336,75.17,36500,937.9,38.1,35,0.00019,4.65,21.02
337,72.37,36500,937.9,38.1,35,0.00019,4.65,21.97
338,69.67,36500,937.9,38.1,35,0.00019,4.65,23.04
339,67.09,36500,937.9,38.1,35,0.00019,4.65,24.12
340,64.62,36500,937.9,38.1,35,0.00019,4.65,25.2
341,62.27,36500,937.9,38.1,35,0.00019,4.65,26.31
342,60.03,36500,937.9,38.1,35,0.00019,4.65,27.53
343,57.9,36500,937.9,38.1,35,0.00019,4.65,28.77
344,55.89,36500,937.9,38.1,35,0.00019,4.65,29.95
345,53.99,36500,937.9,38.1,35,0.00019,4.65,31.13
346,52.22,36500,937.9,38.1,35,0.00019,4.65,32.34
347,50.56,36500,937.9,38.1,35,0.00019,4.65,33.59
348,49.02,36500,937.9,38.1,35,0.00019,4.65,34.7
349,47.6,36500,937.9,38.1,35,0.00019,4.65,35.68
350,46.31,36500,937.9,38.1,35,0.00019,4.65,36.76
351,45.13,36500,937.9,38.1,35,0.00019,4.65,37.87
352,44.08,36500,937.9,38.1,35,0.00019,4.65,39.25
353,43.15,36500,937.9,38.1,35,0.00019,4.65,40.77
354,42.34,36500,937.9,38.1,35,0.00019,4.65,44.71
355,41.66,36500,937.9,38.1,35,0.00019,4.65,51.68
356,41.09,36500,937.9,38.1,35,0.00019,4.65,61.02
357,40.66,36500,937.9,38.1,35,0.00019,4.65,64.11
358,40.35,36500,937.9,38.1,35,0.00019,4.65,60.81
359,40.16,36500,937.9,38.1,35,0.00019,4.65,62.46
360,40.09,36500,937.9,38.1,35,0.00019,4.65,66.78
361,40.15,36500,937.9,38.1,35,0.00019,4.65,68.8
362,40.34,36500,937.9,38.1,35,0.00019,4.65,64.55
363,40.65,36500,937.9,38.1,35,0.00019,4.65,65.23
364,41.08,36500,937.9,38.1,35,0.00019,4.65,69.54
365,41.64,36500,937.9,38.1,35,0.00019,4.65,69.03
366,42.32,36500,937.9,38.1,35,0.00019,4.65,65.26
367,43.12,36500,937.9,38.1,35,0.00019,4.65,66.17
368,44.05,36500,937.9,38.1,35,0.00019,4.65,68.19
369,45.1,36500,937.9,38.1,35,0.00019,4.65,66.24
370,46.27,36500,937.9,38.1,35,0.00019,4.65,61.55
371,47.57,36500,937.9,38.1,35,0.00019,4.65,61.52
372,48.98,36500,937.9,38.1,35,0.00019,4.65,62.67
373,50.52,36500,937.9,38.1,35,0.00019,4.65,59.84
374,52.17,36500,937.9,38.1,35,0.00019,4.65,55.49
375,53.95,36500,937.9,38.1,35,0.00019,4.65,54.61
376,55.84,36500,937.9,38.1,35,0.00019,4.65,54.45
377,57.85,36500,937.9,38.1,35,0.00019,4.65,52.59
378,59.97,36500,937.9,38.1,35,0.00019,4.65,49.02
379,62.21,36500,937.9,38.1,35,0.00019,4.65,46.43
380,64.56,36500,937.9,38.1,35,0.00019,4.65,45.69
381,67.03,36500,937.9,38.1,35,0.00019,4.65,45.48
382,69.61,36500,937.9,38.1,35,0.00019,4.65,43.09
383,72.3,36500,937.9,38.1,35,0.00019,4.65,39.69
384,75.1,36500,937.9,38.1,35,0.00019,4.65,37.9
385,78.01,36500,937.9,38.1,35,0.00019,4.65,37.06
386,81.02,36500,937.9,38.1,35,0.00019,4.65,36.25
387,84.14,36500,937.9,38.1,35,0.00019,4.65,34.87
388,87.36,36500,937.9,38.1,35,0.00019,4.65,32.38
389,90.69,36500,937.9,38.1,35,0.00019,4.65,30.59
390,94.12,36500,937.9,38.1,35,0.00019,4.65,29.35
391,97.64,36500,937.9,38.1,35,0.00019,4.65,28.71
392,101.27,36500,937.9,38.1,35,0.00019,4.65,28
393,104.99,36500,937.9,38.1,35,0.00019,4.65,26.35
394,108.8,36500,937.9,38.1,35,0.00019,4.65,24.9
395,112.71,36500,937.9,38.1,35,0.00019,4.65,23.55
396,116.71,36500,937.9,38.1,35,0.00019,4.65,22.94
397,120.8,36500,937.9,38.1,35,0.00019,4.65,22.3
398,124.97,36500,937.9,38.1,35,0.00019,4.65,21.6
399,129.24,36500,937.9,38.1,35,0.00019,4.65,20.72
400,133.58,36500,937.9,38.1,35,0.00019,4.65,19.47
401,138.01,36500,937.9,38.1,35,0.00019,4.65,18.63
402,142.51,36500,937.9,38.1,35,0.00019,4.65,17.89
403,147.1,36500,937.9,38.1,35,0.00019,4.65,17.62
404,151.76,36500,937.9,38.1,35,0.00019,4.65,16.98
405,156.49,36500,937.9,38.1,35,0.00019,4.65,16.44
406,161.3,36500,937.9,38.1,35,0.00019,4.65,15.6
407,166.17,36500,937.9,38.1,35,0.00019,4.65,14.99
408,171.12,36500,937.9,38.1,35,0.00019,4.65,14.35
409,176.12,36500,937.9,38.1,35,0.00019,4.65,13.95
410,181.19,36500,937.9,38.1,35,0.00019,4.65,13.58
411,186.33,36500,937.9,38.1,35,0.00019,4.65,13.27
412,191.52,36500,937.9,38.1,35,0.00019,4.65,12.74
413,196.76,36500,937.9,38.1,35,0.00019,4.65,12.26
414,202.07,36500,937.9,38.1,35,0.00019,4.65,11.76
415,207.42,36500,937.9,38.1,35,0.00019,4.65,11.42
416,212.82,36500,937.9,38.1,35,0.00019,4.65,11.05
417,218.28,36500,937.9,38.1,35,0.00019,4.65,10.81
418,223.77,36500,937.9,38.1,35,0.00019,4.65,10.58
419,229.31,36500,937.9,38.1,35,0.00019,4.65,10.28
420,234.89,36500,937.9,38.1,35,0.00019,4.65,9.94
421,240.51,36500,937.9,38.1,35,0.00019,4.65,9.6
422,246.17,36500,937.9,38.1,35,0.00019,4.65,9.27
423,251.86,36500,937.9,38.1,35,0.00019,4.65,9.06
424,257.58,36500,937.9,38.1,35,0.00019,4.65,8.86
425,263.33,36500,937.9,38.1,35,0.00019,4.65,8.63
426,269.11,36500,937.9,38.1,35,0.00019,4.65,8.42
427,274.91,36500,937.9,38.1,35,0.00019,4.65,8.15
428,280.74,36500,937.9,38.1,35,0.00019,4.65,7.95
429,286.59,36500,937.9,38.1,35,0.00019,4.65,7.72
430,292.45,36500,937.9,38.1,35,0.00019,4.65,7.55
431,298.33,36500,937.9,38.1,35,0.00019,4.65,7.38
432,304.23,36500,937.9,38.1,35,0.00019,4.65,7.21
433,310.13,36500,937.9,38.1,35,0.00019,4.65,7.04
434,316.05,36500,937.9,38.1,35,0.00019,4.65,6.97
435,321.97,36500,937.9,38.1,35,0.00019,4.65,6.77
436,327.9,36500,937.9,38.1,35,0.00019,4.65,6.6
437,333.83,36500,937.9,38.1,35,0.00019,4.65,6.44
438,339.77,36500,937.9,38.1,35,0.00019,4.65,6.3
439,345.7,36500,937.9,38.1,35,0.00019,4.65,6.2
440,351.62,36500,937.9,38.1,35,0.00019,4.65,6.03
441,357.55,36500,937.9,38.1,35,0.00019,4.65,6
442,363.46,36500,937.9,38.1,35,0.00019,4.65,5.83
443,369.37,36500,937.9,38.1,35,0.00019,4.65,5.76
444,375.26,36500,937.9,38.1,35,0.00019,4.65,5.59
445,381.14,36500,937.9,38.1,35,0.00019,4.65,5.46
446,387.01,36500,937.9,38.1,35,0.00019,4.65,5.36
447,392.86,36500,937.9,38.1,35,0.00019,4.65,5.32
448,398.69,36500,937.9,38.1,35,0.00019,4.65,5.22
449,404.5,36500,937.9,38.1,35,0.00019,4.65,5.15
450,410.29,36500,937.9,38.1,35,0.00019,4.65,5.09
451,416.05,36500,937.9,38.1,35,0.00019,4.65,4.95
452,421.79,36500,937.9,38.1,35,0.00019,4.65,4.92
453,427.49,36500,937.9,38.1,35,0.00019,4.65,4.78
454,433.17,36500,937.9,38.1,35,0.00019,4.65,4.72
455,438.82,36500,937.9,38.1,35,0.00019,4.65,4.65
456,444.44,36500,937.9,38.1,35,0.00019,4.65,4.58
457,450.02,36500,937.9,38.1,35,0.00019,4.65,4.55
458,455.56,36500,937.9,38.1,35,0.00019,4.65,4.48
459,461.07,36500,937.9,38.1,35,0.00019,4.65,4.48
460,466.54,36500,937.9,38.1,35,0.00019,4.65,4.38
461,471.97,36500,937.9,38.1,35,0.00019,4.65,4.28
462,477.35,36500,937.9,38.1,35,0.00019,4.65,4.25
463,482.7,36500,937.9,38.1,35,0.00019,4.65,4.14
464,488,36500,937.9,38.1,35,0.00019,4.65,4.14
465,493.25,36500,937.9,38.1,35,0.00019,4.65,4.11
466,498.46,36500,937.9,38.1,35,0.00019,4.65,4.01
467,503.61,36500,937.9,38.1,35,0.00019,4.65,4.01
468,508.72,36500,937.9,38.1,35,0.00019,4.65,3.94
469,513.78,36500,937.9,38.1,35,0.00019,4.65,3.94
470,518.79,36500,937.9,38.1,35,0.00019,4.65,3.91
471,523.74,36500,937.9,38.1,35,0.00019,4.65,3.81
472,528.64,36500,937.9,38.1,35,0.00019,4.65,3.81
473,533.48,36500,937.9,38.1,35,0.00019,4.65,3.77
474,538.27,36500,937.9,38.1,35,0.00019,4.65,3.71
475,543,36500,937.9,38.1,35,0.00019,4.65,3.64
476,547.67,36500,937.9,38.1,35,0.00019,4.65,3.6
477,552.29,36500,937.9,38.1,35,0.00019,4.65,3.6
478,556.84,36500,937.9,38.1,35,0.00019,4.65,3.57
479,561.33,36500,937.9,38.1,35,0.00019,4.65,3.5
480,565.76,36500,937.9,38.1,35,0.00019,4.65,3.5
481,570.13,36500,937.9,38.1,35,0.00019,4.65,3.44
482,574.44,36500,937.9,38.1,35,0.00019,4.65,3.4
483,578.68,36500,937.9,38.1,35,0.00019,4.65,3.47
484,582.86,36500,937.9,38.1,35,0.00019,4.65,3.37
485,586.97,36500,937.9,38.1,35,0.00019,4.65,3.37
486,591.02,36500,937.9,38.1,35,0.00019,4.65,3.34
487,595,36500,937.9,38.1,35,0.00019,4.65,3.34
488,598.91,36500,937.9,38.1,35,0.00019,4.65,3.3
489,602.76,36500,937.9,38.1,35,0.00019,4.65,3.27
490,606.54,36500,937.9,38.1,35,0.00019,4.65,3.3
491,610.25,36500,937.9,38.1,35,0.00019,4.65,3.23
492,613.89,36500,937.9,38.1,35,0.00019,4.65,3.2
493,617.46,36500,937.9,38.1,35,0.00019,4.65,3.2
494,620.96,36500,937.9,38.1,35,0.00019,4.65,3.17
495,624.39,36500,937.9,38.1,35,0.00019,4.65,3.13
496,627.75,36500,937.9,38.1,35,0.00019,4.65,3.17
497,631.03,36500,937.9,38.1,35,0.00019,4.65,3.1
498,634.25,36500,937.9,38.1,35,0.00019,4.65,3.07
499,637.39,36500,937.9,38.1,35,0.00019,4.65,3.1
500,640.46,36500,937.9,38.1,35,0.00019,4.65,3.07
501,643.46,36500,937.9,38.1,35,0.00019,4.65,3.07
502,646.39,36500,937.9,38.1,35,0.00019,4.65,3.07
503,649.24,36500,937.9,38.1,35,0.00019,4.65,3.03
504,652.02,36500,937.9,38.1,35,0.00019,4.65,2.93
505,654.72,36500,937.9,38.1,35,0.00019,4.65,3
506,657.35,36500,937.9,38.1,35,0.00019,4.65,3.03
507,659.91,36500,937.9,38.1,35,0.00019,4.65,2.93
508,662.39,36500,937.9,38.1,35,0.00019,4.65,2.96
509,664.79,36500,937.9,38.1,35,0.00019,4.65,2.93
510,667.13,36500,937.9,38.1,35,0.00019,4.65,2.93
511,669.38,36500,937.9,38.1,35,0.00019,4.65,2.9
512,671.56,36500,937.9,38.1,35,0.00019,4.65,2.86
513,673.67,36500,937.9,38.1,35,0.00019,4.65,2.96
514,675.7,36500,937.9,38.1,35,0.00019,4.65,2.86
515,677.65,36500,937.9,38.1,35,0.00019,4.65,2.93
516,679.53,36500,937.9,38.1,35,0.00019,4.65,2.86
517,681.33,36500,937.9,38.1,35,0.00019,4.65,2.9
518,683.06,36500,937.9,38.1,35,0.00019,4.65,2.8
519,684.71,36500,937.9,38.1,35,0.00019,4.65,2.86
520,686.28,36500,937.9,38.1,35,0.00019,4.65,2.86
521,687.78,36500,937.9,38.1,35,0.00019,4.65,2.86
522,689.2,36500,937.9,38.1,35,0.00019,4.65,2.83
523,690.54,36500,937.9,38.1,35,0.00019,4.65,2.8
524,691.81,36500,937.9,38.1,35,0.00019,4.65,2.76
525,693,36500,937.9,38.1,35,0.00019,4.65,2.76
526,694.11,36500,937.9,38.1,35,0.00019,4.65,2.73
527,695.15,36500,937.9,38.1,35,0.00019,4.65,2.73
528,696.11,36500,937.9,38.1,35,0.00019,4.65,2.73
529,697,36500,937.9,38.1,35,0.00019,4.65,2.7
530,697.8,36500,937.9,38.1,35,0.00019,4.65,2.66
531,698.53,36500,937.9,38.1,35,0.00019,4.65,2.63
532,699.18,36500,937.9,38.1,35,0.00019,4.65,2.59
533,699.76,36500,937.9,38.1,35,0.00019,4.65,2.63
534,700.26,36500,937.9,38.1,35,0.00019,4.65,2.53
535,700.68,36500,937.9,38.1,35,0.00019,4.65,2.53
536,701.02,36500,937.9,38.1,35,0.00019,4.65,2.53
537,701.29,36500,937.9,38.1,35,0.00019,4.65,2.49
538,701.48,36500,937.9,38.1,35,0.00019,4.65,2.43
539,701.6,36500,937.9,38.1,35,0.00019,4.65,2.43
540,701.63,36500,937.9,38.1,35,0.00019,4.65,2.39
541,701.59,36500,937.9,38.1,35,0.00019,4.65,2.39
542,701.47,36500,937.9,38.1,35,0.00019,4.65,2.32
543,701.28,36500,937.9,38.1,35,0.00019,4.65,2.39
544,701.01,36500,937.9,38.1,35,0.00019,4.65,2.29
545,700.66,36500,937.9,38.1,35,0.00019,4.65,2.29
546,700.23,36500,937.9,38.1,35,0.00019,4.65,2.26
547,699.73,36500,937.9,38.1,35,0.00019,4.65,2.22
548,699.15,36500,937.9,38.1,35,0.00019,4.65,2.19
549,698.49,36500,937.9,38.1,35,0.00019,4.65,2.22
550,697.76,36500,937.9,38.1,35,0.00019,4.65,2.12
551,696.94,36500,937.9,38.1,35,0.00019,4.65,2.12
552,696.06,36500,937.9,38.1,35,0.00019,4.65,2.09
553,695.09,36500,937.9,38.1,35,0.00019,4.65,2.06
554,694.05,36500,937.9,38.1,35,0.00019,4.65,2.09
555,692.93,36500,937.9,38.1,35,0.00019,4.65,1.99
556,691.74,36500,937.9,38.1,35,0.00019,4.65,2.02
557,690.47,36500,937.9,38.1,35,0.00019,4.65,1.99
558,689.12,36500,937.9,38.1,35,0.00019,4.65,1.99
559,687.69,36500,937.9,38.1,35,0.00019,4.65,1.95
560,686.19,36500,937.9,38.1,35,0.00019,4.65,1.89
561,684.62,36500,937.9,38.1,35,0.00019,4.65,1.89
562,682.96,36500,937.9,38.1,35,0.00019,4.65,1.85
563,681.23,36500,937.9,38.1,35,0.00019,4.65,1.85
564,679.43,36500,937.9,38.1,35,0.00019,4.65,1.82
565,677.55,36500,937.9,38.1,35,0.00019,4.65,1.79
566,675.59,36500,937.9,38.1,35,0.00019,4.65,1.85
567,673.56,36500,937.9,38.1,35,0.00019,4.65,1.79
568,671.45,36500,937.9,38.1,35,0.00019,4.65,1.82
569,669.26,36500,937.9,38.1,35,0.00019,4.65,1.72
570,667.01,36500,937.9,38.1,35,0.00019,4.65,1.75
571,664.67,36500,937.9,38.1,35,0.00019,4.65,1.72
572,662.26,36500,937.9,38.1,35,0.00019,4.65,1.72
573,659.78,36500,937.9,38.1,35,0.00019,4.65,1.72
574,657.22,36500,937.9,38.1,35,0.00019,4.65,1.68
575,654.59,36500,937.9,38.1,35,0.00019,4.65,1.65
576,651.88,36500,937.9,38.1,35,0.00019,4.65,1.72
577,649.1,36500,937.9,38.1,35,0.00019,4.65,1.65
578,646.25,36500,937.9,38.1,35,0.00019,4.65,1.65
579,643.33,36500,937.9,38.1,35,0.00019,4.65,1.65
580,640.33,36500,937.9,38.1,35,0.00019,4.65,1.62
581,637.25,36500,937.9,38.1,35,0.00019,4.65,1.58
582,634.11,36500,937.9,38.1,35,0.00019,4.65,1.58
583,630.89,36500,937.9,38.1,35,0.00019,4.65,1.58
584,627.61,36500,937.9,38.1,35,0.00019,4.65,1.58
585,624.25,36500,937.9,38.1,35,0.00019,4.65,1.58
586,620.82,36500,937.9,38.1,35,0.00019,4.65,1.58
587,617.32,36500,937.9,38.1,35,0.00019,4.65,1.58
588,613.75,36500,937.9,38.1,35,0.00019,4.65,1.58
589,610.11,36500,937.9,38.1,35,0.00019,4.65,1.55
590,606.4,36500,937.9,38.1,35,0.00019,4.65,1.55
591,602.62,36500,937.9,38.1,35,0.00019,4.65,1.55
592,598.78,36500,937.9,38.1,35,0.00019,4.65,1.55
593,594.87,36500,937.9,38.1,35,0.00019,4.65,1.55
594,590.89,36500,937.9,38.1,35,0.00019,4.65,1.55
595,586.84,36500,937.9,38.1,35,0.00019,4.65,1.55
596,582.73,36500,937.9,38.1,35,0.00019,4.65,1.58
597,578.55,36500,937.9,38.1,35,0.00019,4.65,1.58
598,574.31,36500,937.9,38.1,35,0.00019,4.65,1.62
599,570.01,36500,937.9,38.1,35,0.00019,4.65,1.62
600,565.64,36500,937.9,38.1,35,0.00019,4.65,1.62
601,561.21,36500,937.9,38.1,35,0.00019,4.65,1.62
602,556.72,36500,937.9,38.1,35,0.00019,4.65,1.65
603,552.17,36500,937.9,38.1,35,0.00019,4.65,1.68
604,547.56,36500,937.9,38.1,35,0.00019,4.65,1.65
605,542.89,36500,937.9,38.1,35,0.00019,4.65,1.72
606,538.16,36500,937.9,38.1,35,0.00019,4.65,1.72
607,533.38,36500,937.9,38.1,35,0.00019,4.65,1.72
608,528.54,36500,937.9,38.1,35,0.00019,4.65,1.75
609,523.64,36500,937.9,38.1,35,0.00019,4.65,1.79
610,518.7,36500,937.9,38.1,35,0.00019,4.65,1.79
611,513.69,36500,937.9,38.1,35,0.00019,4.65,1.82
612,508.64,36500,937.9,38.1,35,0.00019,4.65,1.75
613,503.54,36500,937.9,38.1,35,0.00019,4.65,1.82
614,498.38,36500,937.9,38.1,35,0.00019,4.65,1.75
615,493.18,36500,937.9,38.1,35,0.00019,4.65,1.82
616,487.93,36500,937.9,38.1,35,0.00019,4.65,1.79
617,482.64,36500,937.9,38.1,35,0.00019,4.65,1.89
618,477.3,36500,937.9,38.1,35,0.00019,4.65,1.85
619,471.92,36500,937.9,38.1,35,0.00019,4.65,1.85
620,466.49,36500,937.9,38.1,35,0.00019,4.65,1.89
621,461.03,36500,937.9,38.1,35,0.00019,4.65,1.85
622,455.52,36500,937.9,38.1,35,0.00019,4.65,1.89
623,449.98,36500,937.9,38.1,35,0.00019,4.65,1.89
624,444.41,36500,937.9,38.1,35,0.00019,4.65,1.89
625,438.8,36500,937.9,38.1,35,0.00019,4.65,1.92
626,433.15,36500,937.9,38.1,35,0.00019,4.65,1.92
627,427.48,36500,937.9,38.1,35,0.00019,4.65,1.95
628,421.78,36500,937.9,38.1,35,0.00019,4.65,1.89
629,416.04,36500,937.9,38.1,35,0.00019,4.65,1.92
630,410.29,36500,937.9,38.1,35,0.00019,4.65,1.95
631,404.51,36500,937.9,38.1,35,0.00019,4.65,1.92
632,398.7,36500,937.9,38.1,35,0.00019,4.65,1.95
633,392.88,36500,937.9,38.1,35,0.00019,4.65,1.92
634,387.03,36500,937.9,38.1,35,0.00019,4.65,1.99
635,381.17,36500,937.9,38.1,35,0.00019,4.65,1.95
636,375.29,36500,937.9,38.1,35,0.00019,4.65,1.92
637,369.4,36500,937.9,38.1,35,0.00019,4.65,1.99
638,363.5,36500,937.9,38.1,35,0.00019,4.65,1.95
639,357.59,36500,937.9,38.1,35,0.00019,4.65,1.95
640,351.67,36500,937.9,38.1,35,0.00019,4.65,1.92
641,345.75,36500,937.9,38.1,35,0.00019,4.65,1.99
642,339.82,36500,937.9,38.1,35,0.00019,4.65,1.95
643,333.9,36500,937.9,38.1,35,0.00019,4.65,1.92
644,327.97,36500,937.9,38.1,35,0.00019,4.65,1.95
645,322.04,36500,937.9,38.1,35,0.00019,4.65,1.92
646,316.12,36500,937.9,38.1,35,0.00019,4.65,1.95
647,310.21,36500,937.9,38.1,35,0.00019,4.65,1.92
648,304.31,36500,937.9,38.1,35,0.00019,4.65,1.92
649,298.42,36500,937.9,38.1,35,0.00019,4.65,1.95
650,292.54,36500,937.9,38.1,35,0.00019,4.65,1.85
651,286.68,36500,937.9,38.1,35,0.00019,4.65,1.89
652,280.84,36500,937.9,38.1,35,0.00019,4.65,1.85
653,275.01,36500,937.9,38.1,35,0.00019,4.65,1.85
654,269.21,36500,937.9,38.1,35,0.00019,4.65,1.85
655,263.44,36500,937.9,38.1,35,0.00019,4.65,1.82
656,257.69,36500,937.9,38.1,35,0.00019,4.65,1.79
657,251.97,36500,937.9,38.1,35,0.00019,4.65,1.85
658,246.29,36500,937.9,38.1,35,0.00019,4.65,1.79
659,240.63,36500,937.9,38.1,35,0.00019,4.65,1.82
660,235.02,36500,937.9,38.1,35,0.00019,4.65,1.72
661,229.44,36500,937.9,38.1,35,0.00019,4.65,1.79
662,223.9,36500,937.9,38.1,35,0.00019,4.65,1.82
663,218.4,36500,937.9,38.1,35,0.00019,4.65,1.72
664,212.95,36500,937.9,38.1,35,0.00019,4.65,1.75
665,207.55,36500,937.9,38.1,35,0.00019,4.65,1.72
666,202.2,36500,937.9,38.1,35,0.00019,4.65,1.72
667,196.9,36500,937.9,38.1,35,0.00019,4.65,1.72
668,191.65,36500,937.9,38.1,35,0.00019,4.65,1.72
669,186.46,36500,937.9,38.1,35,0.00019,4.65,1.68
670,181.33,36500,937.9,38.1,35,0.00019,4.65,1.65
671,176.26,36500,937.9,38.1,35,0.00019,4.65,1.68
672,171.26,36500,937.9,38.1,35,0.00019,4.65,1.62
673,166.31,36500,937.9,38.1,35,0.00019,4.65,1.65
674,161.44,36500,937.9,38.1,35,0.00019,4.65,1.68
675,156.63,36500,937.9,38.1,35,0.00019,4.65,1.62
676,151.9,36500,937.9,38.1,35,0.00019,4.65,1.62
677,147.24,36500,937.9,38.1,35,0.00019,4.65,1.62
678,142.65,36500,937.9,38.1,35,0.00019,4.65,1.62
679,138.15,36500,937.9,38.1,35,0.00019,4.65,1.62
680,133.72,36500,937.9,38.1,35,0.00019,4.65,1.65
681,129.37,36500,937.9,38.1,35,0.00019,4.65,1.68
682,125.11,36500,937.9,38.1,35,0.00019,4.65,1.65
683,120.93,36500,937.9,38.1,35,0.00019,4.65,1.68
684,116.84,36500,937.9,38.1,35,0.00019,4.65,1.62
685,112.84,36500,937.9,38.1,35,0.00019,4.65,1.65
686,108.93,36500,937.9,38.1,35,0.00019,4.65,1.68
687,105.12,36500,937.9,38.1,35,0.00019,4.65,1.65
688,101.39,36500,937.9,38.1,35,0.00019,4.65,1.72
689,97.77,36500,937.9,38.1,35,0.00019,4.65,1.72
690,94.24,36500,937.9,38.1,35,0.00019,4.65,1.72
691,90.81,36500,937.9,38.1,35,0.00019,4.65,1.72
692,87.48,36500,937.9,38.1,35,0.00019,4.65,1.72
693,84.25,36500,937.9,38.1,35,0.00019,4.65,1.75
694,81.13,36500,937.9,38.1,35,0.00019,4.65,1.75
695,78.11,36500,937.9,38.1,35,0.00019,4.65,1.79
696,75.2,36500,937.9,38.1,35,0.00019,4.65,1.82
697,72.4,36500,937.9,38.1,35,0.00019,4.65,1.72
698,69.71,36500,937.9,38.1,35,0.00019,4.65,1.79
699,67.12,36500,937.9,38.1,35,0.00019,4.65,1.85
700,64.65,36500,937.9,38.1,35,0.00019,4.65,1.79
701,62.3,36500,937.9,38.1,35,0.00019,4.65,1.85
702,60.05,36500,937.9,38.1,35,0.00019,4.65,1.82
703,57.92,36500,937.9,38.1,35,0.00019,4.65,1.79
704,55.91,36500,937.9,38.1,35,0.00019,4.65,1.89
705,54.02,36500,937.9,38.1,35,0.00019,4.65,1.85
706,52.24,36500,937.9,38.1,35,0.00019,4.65,1.85
707,50.58,36500,937.9,38.1,35,0.00019,4.65,1.89
708,49.04,36500,937.9,38.1,35,0.00019,4.65,1.89
709,47.62,36500,937.9,38.1,35,0.00019,4.65,1.92
710,46.32,36500,937.9,38.1,35,0.00019,4.65,1.99
711,45.15,36500,937.9,38.1,35,0.00019,4.65,2.02
712,44.09,36500,937.9,38.1,35,0.00019,4.65,2.02
713,43.16,36500,937.9,38.1,35,0.00019,4.65,2.02
714,42.35,36500,937.9,38.1,35,0.00019,4.65,2.09
715,41.66,36500,937.9,38.1,35,0.00019,4.65,2.09
716,41.1,36500,937.9,38.1,35,0.00019,4.65,2.12
717,40.66,36500,937.9,38.1,35,0.00019,4.65,2.19
718,40.35,36500,937.9,38.1,35,0.00019,4.65,2.22
719,40.16,36500,937.9,38.1,35,0.00019,4.65,2.16
720,40.09,36500,937.9,38.1,35,0.00019,4.65,2.22
1,40.16,36500,937.9,38.1,35,0.00027,7.36,1.89
2,40.34,36500,937.9,38.1,35,0.00027,7.36,1.85
3,40.65,36500,937.9,38.1,35,0.00027,7.36,1.89
4,41.09,36500,937.9,38.1,35,0.00027,7.36,1.82
5,41.65,36500,937.9,38.1,35,0.00027,7.36,1.79
6,42.33,36500,937.9,38.1,35,0.00027,7.36,1.79
7,43.14,36500,937.9,38.1,35,0.00027,7.36,1.75
8,44.07,36500,937.9,38.1,35,0.00027,7.36,1.68
9,45.12,36500,937.9,38.1,35,0.00027,7.36,1.58
10,46.29,36500,937.9,38.1,35,0.00027,7.36,1.55
11,47.59,36500,937.9,38.1,35,0.00027,7.36,1.45
12,49,36500,937.9,38.1,35,0.00027,7.36,1.42
13,50.54,36500,937.9,38.1,35,0.00027,7.36,1.31
14,52.19,36500,937.9,38.1,35,0.00027,7.36,1.31
15,53.97,36500,937.9,38.1,35,0.00027,7.36,1.25
16,55.86,36500,937.9,38.1,35,0.00027,7.36,1.28
17,57.87,36500,937.9,38.1,35,0.00027,7.36,1.21
18,60,36500,937.9,38.1,35,0.00027,7.36,1.28
19,62.24,36500,937.9,38.1,35,0.00027,7.36,1.25
20,64.59,36500,937.9,38.1,35,0.00027,7.36,1.31
21,67.06,36500,937.9,38.1,35,0.00027,7.36,1.25
22,69.64,36500,937.9,38.1,35,0.00027,7.36,1.25
23,72.33,36500,937.9,38.1,35,0.00027,7.36,1.25
24,75.13,36500,937.9,38.1,35,0.00027,7.36,1.25
25,78.04,36500,937.9,38.1,35,0.00027,7.36,1.21
26,81.06,36500,937.9,38.1,35,0.00027,7.36,1.21
27,84.18,36500,937.9,38.1,35,0.00027,7.36,1.21
28,87.4,36500,937.9,38.1,35,0.00027,7.36,1.21
29,90.73,36500,937.9,38.1,35,0.00027,7.36,1.21
30,94.16,36500,937.9,38.1,35,0.00027,7.36,1.21
31,97.68,36500,937.9,38.1,35,0.00027,7.36,1.21
32,101.31,36500,937.9,38.1,35,0.00027,7.36,1.25
33,105.03,36500,937.9,38.1,35,0.00027,7.36,1.25
34,108.85,36500,937.9,38.1,35,0.00027,7.36,1.28
35,112.76,36500,937.9,38.1,35,0.00027,7.36,1.18
36,116.75,36500,937.9,38.1,35,0.00027,7.36,1.25
37,120.84,36500,937.9,38.1,35,0.00027,7.36,1.28
38,125.02,36500,937.9,38.1,35,0.00027,7.36,1.18
39,129.28,36500,937.9,38.1,35,0.00027,7.36,1.25
40,133.63,36500,937.9,38.1,35,0.00027,7.36,1.28
41,138.05,36500,937.9,38.1,35,0.00027,7.36,1.18
42,142.56,36500,937.9,38.1,35,0.00027,7.36,1.28
43,147.15,36500,937.9,38.1,35,0.00027,7.36,1.21
44,151.81,36500,937.9,38.1,35,0.00027,7.36,1.28
45,156.54,36500,937.9,38.1,35,0.00027,7.36,1.21
46,161.35,36500,937.9,38.1,35,0.00027,7.36,1.25
47,166.22,36500,937.9,38.1,35,0.00027,7.36,1.28
48,171.16,36500,937.9,38.1,35,0.00027,7.36,1.21
49,176.17,36500,937.9,38.1,35,0.00027,7.36,1.25
50,181.24,36500,937.9,38.1,35,0.00027,7.36,1.31
51,186.37,36500,937.9,38.1,35,0.00027,7.36,1.25
52,191.56,36500,937.9,38.1,35,0.00027,7.36,1.31
53,196.81,36500,937.9,38.1,35,0.00027,7.36,1.25
54,202.11,36500,937.9,38.1,35,0.00027,7.36,1.31
55,207.46,36500,937.9,38.1,35,0.00027,7.36,1.25
56,212.87,36500,937.9,38.1,35,0.00027,7.36,1.28
57,218.32,36500,937.9,38.1,35,0.00027,7.36,1.21
58,223.81,36500,937.9,38.1,35,0.00027,7.36,1.25
59,229.35,36500,937.9,38.1,35,0.00027,7.36,1.28
60,234.93,36500,937.9,38.1,35,0.00027,7.36,1.21
61,240.55,36500,937.9,38.1,35,0.00027,7.36,1.25
62,246.21,36500,937.9,38.1,35,0.00027,7.36,1.28
63,251.9,36500,937.9,38.1,35,0.00027,7.36,1.18
64,257.62,36500,937.9,38.1,35,0.00027,7.36,1.25
65,263.37,36500,937.9,38.1,35,0.00027,7.36,1.28
66,269.14,36500,937.9,38.1,35,0.00027,7.36,1.21
67,274.95,36500,937.9,38.1,35,0.00027,7.36,1.25
68,280.77,36500,937.9,38.1,35,0.00027,7.36,1.28
69,286.62,36500,937.9,38.1,35,0.00027,7.36,1.18
70,292.48,36500,937.9,38.1,35,0.00027,7.36,1.25
71,298.36,36500,937.9,38.1,35,0.00027,7.36,1.25
72,304.25,36500,937.9,38.1,35,0.00027,7.36,1.28
73,310.16,36500,937.9,38.1,35,0.00027,7.36,1.18
74,316.07,36500,937.9,38.1,35,0.00027,7.36,1.25
75,322,36500,937.9,38.1,35,0.00027,7.36,1.28
76,327.92,36500,937.9,38.1,35,0.00027,7.36,1.18
77,333.85,36500,937.9,38.1,35,0.00027,7.36,1.21
78,339.78,36500,937.9,38.1,35,0.00027,7.36,1.21
79,345.71,36500,937.9,38.1,35,0.00027,7.36,1.25
80,351.64,36500,937.9,38.1,35,0.00027,7.36,1.28
81,357.56,36500,937.9,38.1,35,0.00027,7.36,1.21
82,363.48,36500,937.9,38.1,35,0.00027,7.36,1.25
83,369.38,36500,937.9,38.1,35,0.00027,7.36,1.25
84,375.27,36500,937.9,38.1,35,0.00027,7.36,1.28
85,381.15,36500,937.9,38.1,35,0.00027,7.36,1.18
86,387.02,36500,937.9,38.1,35,0.00027,7.36,1.25
87,392.87,36500,937.9,38.1,35,0.00027,7.36,1.25
88,398.69,36500,937.9,38.1,35,0.00027,7.36,1.25
89,404.5,36500,937.9,38.1,35,0.00027,7.36,1.25
90,410.29,36500,937.9,38.1,35,0.00027,7.36,1.25
91,416.05,36500,937.9,38.1,35,0.00027,7.36,1.28
92,421.78,36500,937.9,38.1,35,0.00027,7.36,1.21
93,427.49,36500,937.9,38.1,35,0.00027,7.36,1.25
94,433.17,36500,937.9,38.1,35,0.00027,7.36,1.28
95,438.81,36500,937.9,38.1,35,0.00027,7.36,1.18
96,444.43,36500,937.9,38.1,35,0.00027,7.36,1.28
97,450.01,36500,937.9,38.1,35,0.00027,7.36,1.21
98,455.55,36500,937.9,38.1,35,0.00027,7.36,1.28
99,461.06,36500,937.9,38.1,35,0.00027,7.36,1.21
100,466.52,36500,937.9,38.1,35,0.00027,7.36,1.28
101,471.95,36500,937.9,38.1,35,0.00027,7.36,1.25
102,477.34,36500,937.9,38.1,35,0.00027,7.36,1.31
103,482.68,36500,937.9,38.1,35,0.00027,7.36,1.25
104,487.98,36500,937.9,38.1,35,0.00027,7.36,1.31
105,493.23,36500,937.9,38.1,35,0.00027,7.36,1.28
106,498.43,36500,937.9,38.1,35,0.00027,7.36,1.25
107,503.59,36500,937.9,38.1,35,0.00027,7.36,1.35
108,508.7,36500,937.9,38.1,35,0.00027,7.36,1.28
109,513.75,36500,937.9,38.1,35,0.00027,7.36,1.28
110,518.76,36500,937.9,38.1,35,0.00027,7.36,1.28
111,523.71,36500,937.9,38.1,35,0.00027,7.36,1.28
112,528.6,36500,937.9,38.1,35,0.00027,7.36,1.28
113,533.45,36500,937.9,38.1,35,0.00027,7.36,1.28
114,538.23,36500,937.9,38.1,35,0.00027,7.36,1.28
115,542.96,36500,937.9,38.1,35,0.00027,7.36,1.28
116,547.63,36500,937.9,38.1,35,0.00027,7.36,1.28
117,552.25,36500,937.9,38.1,35,0.00027,7.36,1.28
118,556.8,36500,937.9,38.1,35,0.00027,7.36,1.31
119,561.29,36500,937.9,38.1,35,0.00027,7.36,1.35
120,565.72,36500,937.9,38.1,35,0.00027,7.36,1.35
121,570.09,36500,937.9,38.1,35,0.00027,7.36,1.35
122,574.4,36500,937.9,38.1,35,0.00027,7.36,1.35
123,578.64,36500,937.9,38.1,35,0.00027,7.36,1.35
124,582.82,36500,937.9,38.1,35,0.00027,7.36,1.35
125,586.93,36500,937.9,38.1,35,0.00027,7.36,1.35
126,590.98,36500,937.9,38.1,35,0.00027,7.36,1.35
127,594.96,36500,937.9,38.1,35,0.00027,7.36,1.35
128,598.87,36500,937.9,38.1,35,0.00027,7.36,1.35
129,602.72,36500,937.9,38.1,35,0.00027,7.36,1.38
130,606.49,36500,937.9,38.1,35,0.00027,7.36,1.38
131,610.2,36500,937.9,38.1,35,0.00027,7.36,1.38
132,613.84,36500,937.9,38.1,35,0.00027,7.36,1.38
133,617.41,36500,937.9,38.1,35,0.00027,7.36,1.42
134,620.91,36500,937.9,38.1,35,0.00027,7.36,1.35
135,624.34,36500,937.9,38.1,35,0.00027,7.36,1.38
136,627.7,36500,937.9,38.1,35,0.00027,7.36,1.42
137,630.99,36500,937.9,38.1,35,0.00027,7.36,1.38
138,634.2,36500,937.9,38.1,35,0.00027,7.36,1.45
139,637.35,36500,937.9,38.1,35,0.00027,7.36,1.42
140,640.42,36500,937.9,38.1,35,0.00027,7.36,1.38
141,643.42,36500,937.9,38.1,35,0.00027,7.36,1.42
142,646.34,36500,937.9,38.1,35,0.00027,7.36,1.38
143,649.19,36500,937.9,38.1,35,0.00027,7.36,1.42
144,651.97,36500,937.9,38.1,35,0.00027,7.36,1.42
145,654.68,36500,937.9,38.1,35,0.00027,7.36,1.42
146,657.31,36500,937.9,38.1,35,0.00027,7.36,1.42
147,659.86,36500,937.9,38.1,35,0.00027,7.36,1.42
148,662.35,36500,937.9,38.1,35,0.00027,7.36,1.42
149,664.75,36500,937.9,38.1,35,0.00027,7.36,1.45
150,667.09,36500,937.9,38.1,35,0.00027,7.36,1.48
151,669.34,36500,937.9,38.1,35,0.00027,7.36,1.48
152,671.52,36500,937.9,38.1,35,0.00027,7.36,1.48
153,673.63,36500,937.9,38.1,35,0.00027,7.36,1.48
154,675.66,36500,937.9,38.1,35,0.00027,7.36,1.45
155,677.62,36500,937.9,38.1,35,0.00027,7.36,1.48
156,679.5,36500,937.9,38.1,35,0.00027,7.36,1.48
157,681.3,36500,937.9,38.1,35,0.00027,7.36,1.48
158,683.03,36500,937.9,38.1,35,0.00027,7.36,1.48
159,684.68,36500,937.9,38.1,35,0.00027,7.36,1.48
160,686.25,36500,937.9,38.1,35,0.00027,7.36,1.48
161,687.75,36500,937.9,38.1,35,0.00027,7.36,1.48
162,689.17,36500,937.9,38.1,35,0.00027,7.36,1.48
163,690.52,36500,937.9,38.1,35,0.00027,7.36,1.48
164,691.79,36500,937.9,38.1,35,0.00027,7.36,1.52
165,692.98,36500,937.9,38.1,35,0.00027,7.36,1.52
166,694.09,36500,937.9,38.1,35,0.00027,7.36,1.55
167,695.13,36500,937.9,38.1,35,0.00027,7.36,1.48
168,696.09,36500,937.9,38.1,35,0.00027,7.36,1.52
169,696.98,36500,937.9,38.1,35,0.00027,7.36,1.55
170,697.79,36500,937.9,38.1,35,0.00027,7.36,1.52
171,698.52,36500,937.9,38.1,35,0.00027,7.36,1.55
172,699.17,36500,937.9,38.1,35,0.00027,7.36,1.48
173,699.75,36500,937.9,38.1,35,0.00027,7.36,1.55
174,700.25,36500,937.9,38.1,35,0.00027,7.36,1.48
175,700.67,36500,937.9,38.1,35,0.00027,7.36,1.52
176,701.02,36500,937.9,38.1,35,0.00027,7.36,1.55
177,701.29,36500,937.9,38.1,35,0.00027,7.36,1.52
178,701.48,36500,937.9,38.1,35,0.00027,7.36,1.58
179,701.59,36500,937.9,38.1,35,0.00027,7.36,1.55
180,701.63,36500,937.9,38.1,35,0.00027,7.36,1.52
181,701.59,36500,937.9,38.1,35,0.00027,7.36,1.58
182,701.48,36500,937.9,38.1,35,0.00027,7.36,1.55
183,701.28,36500,937.9,38.1,35,0.00027,7.36,1.52
184,701.01,36500,937.9,38.1,35,0.00027,7.36,1.58
185,700.66,36500,937.9,38.1,35,0.00027,7.36,1.55
186,700.24,36500,937.9,38.1,35,0.00027,7.36,1.52
187,699.74,36500,937.9,38.1,35,0.00027,7.36,1.58
188,699.16,36500,937.9,38.1,35,0.00027,7.36,1.58
189,698.5,36500,937.9,38.1,35,0.00027,7.36,1.58
190,697.77,36500,937.9,38.1,35,0.00027,7.36,1.55
191,696.96,36500,937.9,38.1,35,0.00027,7.36,1.52
192,696.07,36500,937.9,38.1,35,0.00027,7.36,1.58
193,695.11,36500,937.9,38.1,35,0.00027,7.36,1.58
194,694.07,36500,937.9,38.1,35,0.00027,7.36,1.55
195,692.95,36500,937.9,38.1,35,0.00027,7.36,1.55
196,691.76,36500,937.9,38.1,35,0.00027,7.36,1.55
197,690.49,36500,937.9,38.1,35,0.00027,7.36,1.55
198,689.14,36500,937.9,38.1,35,0.00027,7.36,1.55
199,687.72,36500,937.9,38.1,35,0.00027,7.36,1.55
200,686.22,36500,937.9,38.1,35,0.00027,7.36,1.55
201,684.65,36500,937.9,38.1,35,0.00027,7.36,1.55
202,682.99,36500,937.9,38.1,35,0.00027,7.36,1.55
203,681.27,36500,937.9,38.1,35,0.00027,7.36,1.55
204,679.46,36500,937.9,38.1,35,0.00027,7.36,1.55
205,677.58,36500,937.9,38.1,35,0.00027,7.36,1.58
206,675.63,36500,937.9,38.1,35,0.00027,7.36,1.62
207,673.59,36500,937.9,38.1,35,0.00027,7.36,1.58
208,671.49,36500,937.9,38.1,35,0.00027,7.36,1.62
209,669.3,36500,937.9,38.1,35,0.00027,7.36,1.62
210,667.05,36500,937.9,38.1,35,0.00027,7.36,1.62
211,664.71,36500,937.9,38.1,35,0.00027,7.36,1.62
212,662.3,36500,937.9,38.1,35,0.00027,7.36,1.65
213,659.82,36500,937.9,38.1,35,0.00027,7.36,1.68
214,657.27,36500,937.9,38.1,35,0.00027,7.36,1.65
215,654.63,36500,937.9,38.1,35,0.00027,7.36,1.68
216,651.93,36500,937.9,38.1,35,0.00027,7.36,1.65
217,649.15,36500,937.9,38.1,35,0.00027,7.36,1.72
218,646.3,36500,937.9,38.1,35,0.00027,7.36,1.68
219,643.37,36500,937.9,38.1,35,0.00027,7.36,1.68
220,640.37,36500,937.9,38.1,35,0.00027,7.36,1.68
221,637.3,36500,937.9,38.1,35,0.00027,7.36,1.68
222,634.16,36500,937.9,38.1,35,0.00027,7.36,1.72
223,630.94,36500,937.9,38.1,35,0.00027,7.36,1.72
224,627.65,36500,937.9,38.1,35,0.00027,7.36,1.75
225,624.29,36500,937.9,38.1,35,0.00027,7.36,1.75
226,620.87,36500,937.9,38.1,35,0.00027,7.36,1.79
227,617.36,36500,937.9,38.1,35,0.00027,7.36,1.82
228,613.79,36500,937.9,38.1,35,0.00027,7.36,1.72
229,610.16,36500,937.9,38.1,35,0.00027,7.36,1.82
230,606.45,36500,937.9,38.1,35,0.00027,7.36,1.75
231,602.67,36500,937.9,38.1,35,0.00027,7.36,1.82
232,598.82,36500,937.9,38.1,35,0.00027,7.36,1.79
233,594.91,36500,937.9,38.1,35,0.00027,7.36,1.85
234,590.93,36500,937.9,38.1,35,0.00027,7.36,1.85
235,586.89,36500,937.9,38.1,35,0.00027,7.36,1.85
236,582.77,36500,937.9,38.1,35,0.00027,7.36,1.89
237,578.6,36500,937.9,38.1,35,0.00027,7.36,1.89
238,574.36,36500,937.9,38.1,35,0.00027,7.36,1.85
239,570.05,36500,937.9,38.1,35,0.00027,7.36,1.92
240,565.68,36500,937.9,38.1,35,0.00027,7.36,1.95
241,561.25,36500,937.9,38.1,35,0.00027,7.36,1.89
242,556.76,36500,937.9,38.1,35,0.00027,7.36,1.95
243,552.21,36500,937.9,38.1,35,0.00027,7.36,1.95
244,547.6,36500,937.9,38.1,35,0.00027,7.36,1.95
245,542.93,36500,937.9,38.1,35,0.00027,7.36,1.99
246,538.2,36500,937.9,38.1,35,0.00027,7.36,2.02
247,533.41,36500,937.9,38.1,35,0.00027,7.36,2.02
248,528.57,36500,937.9,38.1,35,0.00027,7.36,2.06
249,523.68,36500,937.9,38.1,35,0.00027,7.36,2.12
250,518.73,36500,937.9,38.1,35,0.00027,7.36,2.12
251,513.72,36500,937.9,38.1,35,0.00027,7.36,2.12
252,508.67,36500,937.9,38.1,35,0.00027,7.36,2.16
253,503.56,36500,937.9,38.1,35,0.00027,7.36,2.16
254,498.41,36500,937.9,38.1,35,0.00027,7.36,2.19
255,493.2,36500,937.9,38.1,35,0.00027,7.36,2.26
256,487.95,36500,937.9,38.1,35,0.00027,7.36,2.26
257,482.66,36500,937.9,38.1,35,0.00027,7.36,2.29
258,477.32,36500,937.9,38.1,35,0.00027,7.36,2.32
259,471.93,36500,937.9,38.1,35,0.00027,7.36,2.39
260,466.51,36500,937.9,38.1,35,0.00027,7.36,2.36
261,461.04,36500,937.9,38.1,35,0.00027,7.36,2.36
262,455.54,36500,937.9,38.1,35,0.00027,7.36,2.39
263,450,36500,937.9,38.1,35,0.00027,7.36,2.46
264,444.42,36500,937.9,38.1,35,0.00027,7.36,2.49
265,438.81,36500,937.9,38.1,35,0.00027,7.36,2.49
266,433.16,36500,937.9,38.1,35,0.00027,7.36,2.53
267,427.49,36500,937.9,38.1,35,0.00027,7.36,2.59
268,421.78,36500,937.9,38.1,35,0.00027,7.36,2.66
269,416.05,36500,937.9,38.1,35,0.00027,7.36,2.66
270,410.29,36500,937.9,38.1,35,0.00027,7.36,2.73
271,404.5,36500,937.9,38.1,35,0.00027,7.36,2.8
272,398.7,36500,937.9,38.1,35,0.00027,7.36,2.83
273,392.87,36500,937.9,38.1,35,0.00027,7.36,2.86
274,387.02,36500,937.9,38.1,35,0.00027,7.36,2.93
275,381.16,36500,937.9,38.1,35,0.00027,7.36,2.93
276,375.28,36500,937.9,38.1,35,0.00027,7.36,2.96
277,369.39,36500,937.9,38.1,35,0.00027,7.36,3.03
278,363.49,36500,937.9,38.1,35,0.00027,7.36,3.07
279,357.58,36500,937.9,38.1,35,0.00027,7.36,3.17
280,351.66,36500,937.9,38.1,35,0.00027,7.36,3.2
281,345.73,36500,937.9,38.1,35,0.00027,7.36,3.3
282,339.8,36500,937.9,38.1,35,0.00027,7.36,3.34
283,333.87,36500,937.9,38.1,35,0.00027,7.36,3.44
284,327.95,36500,937.9,38.1,35,0.00027,7.36,3.44
285,322.02,36500,937.9,38.1,35,0.00027,7.36,3.5
286,316.1,36500,937.9,38.1,35,0.00027,7.36,3.6
287,310.19,36500,937.9,38.1,35,0.00027,7.36,3.71
288,304.28,36500,937.9,38.1,35,0.00027,7.36,3.74
289,298.39,36500,937.9,38.1,35,0.00027,7.36,3.91
290,292.51,36500,937.9,38.1,35,0.00027,7.36,3.98
291,286.65,36500,937.9,38.1,35,0.00027,7.36,4.04
292,280.8,36500,937.9,38.1,35,0.00027,7.36,4.18
293,274.98,36500,937.9,38.1,35,0.00027,7.36,4.25
294,269.18,36500,937.9,38.1,35,0.00027,7.36,4.35
295,263.4,36500,937.9,38.1,35,0.00027,7.36,4.51
296,257.65,36500,937.9,38.1,35,0.00027,7.36,4.58
297,251.93,36500,937.9,38.1,35,0.00027,7.36,4.72
298,246.25,36500,937.9,38.1,35,0.00027,7.36,4.85
299,240.59,36500,937.9,38.1,35,0.00027,7.36,4.99
300,234.97,36500,937.9,38.1,35,0.00027,7.36,5.19
301,229.4,36500,937.9,38.1,35,0.00027,7.36,5.29
302,223.86,36500,937.9,38.1,35,0.00027,7.36,5.49
303,218.36,36500,937.9,38.1,35,0.00027,7.36,5.63
304,212.91,36500,937.9,38.1,35,0.00027,7.36,5.76
305,207.51,36500,937.9,38.1,35,0.00027,7.36,6
306,202.16,36500,937.9,38.1,35,0.00027,7.36,6.17
307,196.86,36500,937.9,38.1,35,0.00027,7.36,6.37
308,191.61,36500,937.9,38.1,35,0.00027,7.36,6.6
309,186.42,36500,937.9,38.1,35,0.00027,7.36,6.81
310,181.29,36500,937.9,38.1,35,0.00027,7.36,7.01
311,176.22,36500,937.9,38.1,35,0.00027,7.36,7.28
312,171.21,36500,937.9,38.1,35,0.00027,7.36,7.55
313,166.27,36500,937.9,38.1,35,0.00027,7.36,7.78
314,161.39,36500,937.9,38.1,35,0.00027,7.36,8.09
315,156.59,36500,937.9,38.1,35,0.00027,7.36,8.42
316,151.85,36500,937.9,38.1,35,0.00027,7.36,8.73
317,147.19,36500,937.9,38.1,35,0.00027,7.36,9.13
318,142.61,36500,937.9,38.1,35,0.00027,7.36,9.47
319,138.1,36500,937.9,38.1,35,0.00027,7.36,9.84
320,133.67,36500,937.9,38.1,35,0.00027,7.36,10.24
321,129.33,36500,937.9,38.1,35,0.00027,7.36,10.68
322,125.07,36500,937.9,38.1,35,0.00027,7.36,11.15
323,120.89,36500,937.9,38.1,35,0.00027,7.36,11.59
324,116.8,36500,937.9,38.1,35,0.00027,7.36,12.1
325,112.8,36500,937.9,38.1,35,0.00027,7.36,12.63
326,108.89,36500,937.9,38.1,35,0.00027,7.36,13.24
327,105.07,36500,937.9,38.1,35,0.00027,7.36,13.88
328,101.35,36500,937.9,38.1,35,0.00027,7.36,14.45
329,97.72,36500,937.9,38.1,35,0.00027,7.36,15.16
330,94.2,36500,937.9,38.1,35,0.00027,7.36,15.8
331,90.77,36500,937.9,38.1,35,0.00027,7.36,16.61
332,87.44,36500,937.9,38.1,35,0.00027,7.36,17.38
333,84.21,36500,937.9,38.1,35,0.00027,7.36,18.19
334,81.09,36500,937.9,38.1,35,0.00027,7.36,19.04
335,78.08,36500,937.9,38.1,35,0.00027,7.36,20.01
336,75.17,36500,937.9,38.1,35,0.00027,7.36,20.85
337,72.37,36500,937.9,38.1,35,0.00027,7.36,21.9
338,69.67,36500,937.9,38.1,35,0.00027,7.36,22.84
339,67.09,36500,937.9,38.1,35,0.00027,7.36,23.99
340,64.62,36500,937.9,38.1,35,0.00027,7.36,25.13
341,62.27,36500,937.9,38.1,35,0.00027,7.36,26.28
342,60.03,36500,937.9,38.1,35,0.00027,7.36,27.42
343,57.9,36500,937.9,38.1,35,0.00027,7.36,28.64
344,55.89,36500,937.9,38.1,35,0.00027,7.36,29.88
345,53.99,36500,937.9,38.1,35,0.00027,7.36,31.16
346,52.22,36500,937.9,38.1,35,0.00027,7.36,32.28
347,50.56,36500,937.9,38.1,35,0.00027,7.36,33.25
348,49.02,36500,937.9,38.1,35,0.00027,7.36,34.4
349,47.6,36500,937.9,38.1,35,0.00027,7.36,35.68
350,46.31,36500,937.9,38.1,35,0.00027,7.36,36.96
351,45.13,36500,937.9,38.1,35,0.00027,7.36,38.64
352,44.08,36500,937.9,38.1,35,0.00027,7.36,41.04
353,43.15,36500,937.9,38.1,35,0.00027,7.36,47.64
354,42.34,36500,937.9,38.1,35,0.00027,7.36,59.33
355,41.66,36500,937.9,38.1,35,0.00027,7.36,64.59
356,41.09,36500,937.9,38.1,35,0.00027,7.36,57.92
357,40.66,36500,937.9,38.1,35,0.00027,7.36,58.62
358,40.35,36500,937.9,38.1,35,0.00027,7.36,68.19
359,40.16,36500,937.9,38.1,35,0.00027,7.36,69.74
360,40.09,36500,937.9,38.1,35,0.00027,7.36,65.7
361,40.15,36500,937.9,38.1,35,0.00027,7.36,70.01
362,40.34,36500,937.9,38.1,35,0.00027,7.36,72.37
363,40.65,36500,937.9,38.1,35,0.00027,7.36,71.19
364,41.08,36500,937.9,38.1,35,0.00027,7.36,69.51
365,41.64,36500,937.9,38.1,35,0.00027,7.36,74.46
366,42.32,36500,937.9,38.1,35,0.00027,7.36,72.2
367,43.12,36500,937.9,38.1,35,0.00027,7.36,68.16
368,44.05,36500,937.9,38.1,35,0.00027,7.36,69.64
369,45.1,36500,937.9,38.1,35,0.00027,7.36,71.43
370,46.27,36500,937.9,38.1,35,0.00027,7.36,67.25
371,47.57,36500,937.9,38.1,35,0.00027,7.36,64.15
372,48.98,36500,937.9,38.1,35,0.00027,7.36,65.8
373,50.52,36500,937.9,38.1,35,0.00027,7.36,65.16
374,52.17,36500,937.9,38.1,35,0.00027,7.36,60.24
375,53.95,36500,937.9,38.1,35,0.00027,7.36,58.72
376,55.84,36500,937.9,38.1,35,0.00027,7.36,58.45
377,57.85,36500,937.9,38.1,35,0.00027,7.36,56.84
378,59.97,36500,937.9,38.1,35,0.00027,7.36,52.26
379,62.21,36500,937.9,38.1,35,0.00027,7.36,50.4
380,64.56,36500,937.9,38.1,35,0.00027,7.36,50.37
381,67.03,36500,937.9,38.1,35,0.00027,7.36,49.09
382,69.61,36500,937.9,38.1,35,0.00027,7.36,45.31
383,72.3,36500,937.9,38.1,35,0.00027,7.36,42.96
384,75.1,36500,937.9,38.1,35,0.00027,7.36,42.08
385,78.01,36500,937.9,38.1,35,0.00027,7.36,40.67
386,81.02,36500,937.9,38.1,35,0.00027,7.36,39.35
387,84.14,36500,937.9,38.1,35,0.00027,7.36,36.79
388,87.36,36500,937.9,38.1,35,0.00027,7.36,34.57
389,90.69,36500,937.9,38.1,35,0.00027,7.36,33.86
390,94.12,36500,937.9,38.1,35,0.00027,7.36,32.92
391,97.64,36500,937.9,38.1,35,0.00027,7.36,31.6
392,101.27,36500,937.9,38.1,35,0.00027,7.36,30.12
393,104.99,36500,937.9,38.1,35,0.00027,7.36,28.27
394,108.8,36500,937.9,38.1,35,0.00027,7.36,27.19
395,112.71,36500,937.9,38.1,35,0.00027,7.36,26.28
396,116.71,36500,937.9,38.1,35,0.00027,7.36,25.64
397,120.8,36500,937.9,38.1,35,0.00027,7.36,24.7
398,124.97,36500,937.9,38.1,35,0.00027,7.36,23.28
399,129.24,36500,937.9,38.1,35,0.00027,7.36,22.2
400,133.58,36500,937.9,38.1,35,0.00027,7.36,21.29
401,138.01,36500,937.9,38.1,35,0.00027,7.36,20.79
402,142.51,36500,937.9,38.1,35,0.00027,7.36,20.11
403,147.1,36500,937.9,38.1,35,0.00027,7.36,19.51
404,151.76,36500,937.9,38.1,35,0.00027,7.36,18.5
405,156.49,36500,937.9,38.1,35,0.00027,7.36,17.72
406,161.3,36500,937.9,38.1,35,0.00027,7.36,16.98
407,166.17,36500,937.9,38.1,35,0.00027,7.36,16.48
408,171.12,36500,937.9,38.1,35,0.00027,7.36,16.1
409,176.12,36500,937.9,38.1,35,0.00027,7.36,15.6
410,181.19,36500,937.9,38.1,35,0.00027,7.36,14.99
411,186.33,36500,937.9,38.1,35,0.00027,7.36,14.35
412,191.52,36500,937.9,38.1,35,0.00027,7.36,13.78
413,196.76,36500,937.9,38.1,35,0.00027,7.36,13.38
414,202.07,36500,937.9,38.1,35,0.00027,7.36,13.11
415,207.42,36500,937.9,38.1,35,0.00027,7.36,12.77
416,212.82,36500,937.9,38.1,35,0.00027,7.36,12.36
417,218.28,36500,937.9,38.1,35,0.00027,7.36,11.89
418,223.77,36500,937.9,38.1,35,0.00027,7.36,11.49
419,229.31,36500,937.9,38.1,35,0.00027,7.36,11.12
420,234.89,36500,937.9,38.1,35,0.00027,7.36,10.75
421,240.51,36500,937.9,38.1,35,0.00027,7.36,10.51
422,246.17,36500,937.9,38.1,35,0.00027,7.36,10.28
423,251.86,36500,937.9,38.1,35,0.00027,7.36,10.04
424,257.58,36500,937.9,38.1,35,0.00027,7.36,9.67
425,263.33,36500,937.9,38.1,35,0.00027,7.36,9.37
426,269.11,36500,937.9,38.1,35,0.00027,7.36,9.03
427,274.91,36500,937.9,38.1,35,0.00027,7.36,8.86
428,280.74,36500,937.9,38.1,35,0.00027,7.36,8.66
429,286.59,36500,937.9,38.1,35,0.00027,7.36,8.52
430,292.45,36500,937.9,38.1,35,0.00027,7.36,8.32
431,298.33,36500,937.9,38.1,35,0.00027,7.36,8.09
432,304.23,36500,937.9,38.1,35,0.00027,7.36,7.82
433,310.13,36500,937.9,38.1,35,0.00027,7.36,7.61
434,316.05,36500,937.9,38.1,35,0.00027,7.36,7.41
435,321.97,36500,937.9,38.1,35,0.00027,7.36,7.31
436,327.9,36500,937.9,38.1,35,0.00027,7.36,7.18
437,333.83,36500,937.9,38.1,35,0.00027,7.36,7.08
438,339.77,36500,937.9,38.1,35,0.00027,7.36,6.87
439,345.7,36500,937.9,38.1,35,0.00027,7.36,6.7
440,351.62,36500,937.9,38.1,35,0.00027,7.36,6.54
441,357.55,36500,937.9,38.1,35,0.00027,7.36,6.37
442,363.46,36500,937.9,38.1,35,0.00027,7.36,6.3
443,369.37,36500,937.9,38.1,35,0.00027,7.36,6.13
444,375.26,36500,937.9,38.1,35,0.00027,7.36,6
445,381.14,36500,937.9,38.1,35,0.00027,7.36,5.9
446,387.01,36500,937.9,38.1,35,0.00027,7.36,5.83
447,392.86,36500,937.9,38.1,35,0.00027,7.36,5.73
448,398.69,36500,937.9,38.1,35,0.00027,7.36,5.56
449,404.5,36500,937.9,38.1,35,0.00027,7.36,5.53
450,410.29,36500,937.9,38.1,35,0.00027,7.36,5.39
451,416.05,36500,937.9,38.1,35,0.00027,7.36,5.29
452,421.79,36500,937.9,38.1,35,0.00027,7.36,5.26
453,427.49,36500,937.9,38.1,35,0.00027,7.36,5.15
454,433.17,36500,937.9,38.1,35,0.00027,7.36,5.09
455,438.82,36500,937.9,38.1,35,0.00027,7.36,4.99
456,444.44,36500,937.9,38.1,35,0.00027,7.36,4.89
457,450.02,36500,937.9,38.1,35,0.00027,7.36,4.82
458,455.56,36500,937.9,38.1,35,0.00027,7.36,4.72
459,461.07,36500,937.9,38.1,35,0.00027,7.36,4.65
460,466.54,36500,937.9,38.1,35,0.00027,7.36,4.58
461,471.97,36500,937.9,38.1,35,0.00027,7.36,4.51
462,477.35,36500,937.9,38.1,35,0.00027,7.36,4.45
463,482.7,36500,937.9,38.1,35,0.00027,7.36,4.41
464,488,36500,937.9,38.1,35,0.00027,7.36,4.41
465,493.25,36500,937.9,38.1,35,0.00027,7.36,4.31
466,498.46,36500,937.9,38.1,35,0.00027,7.36,4.25
467,503.61,36500,937.9,38.1,35,0.00027,7.36,4.14
468,508.72,36500,937.9,38.1,35,0.00027,7.36,4.14
469,513.78,36500,937.9,38.1,35,0.00027,7.36,4.08
470,518.79,36500,937.9,38.1,35,0.00027,7.36,4.08
471,523.74,36500,937.9,38.1,35,0.00027,7.36,4.01
472,528.64,36500,937.9,38.1,35,0.00027,7.36,3.94
473,533.48,36500,937.9,38.1,35,0.00027,7.36,3.94
474,538.27,36500,937.9,38.1,35,0.00027,7.36,3.87
475,543,36500,937.9,38.1,35,0.00027,7.36,3.81
476,547.67,36500,937.9,38.1,35,0.00027,7.36,3.81
477,552.29,36500,937.9,38.1,35,0.00027,7.36,3.77
478,556.84,36500,937.9,38.1,35,0.00027,7.36,3.71
479,561.33,36500,937.9,38.1,35,0.00027,7.36,3.64
480,565.76,36500,937.9,38.1,35,0.00027,7.36,3.64
481,570.13,36500,937.9,38.1,35,0.00027,7.36,3.57
482,574.44,36500,937.9,38.1,35,0.00027,7.36,3.54
483,578.68,36500,937.9,38.1,35,0.00027,7.36,3.54
484,582.86,36500,937.9,38.1,35,0.00027,7.36,3.5
485,586.97,36500,937.9,38.1,35,0.00027,7.36,3.44
486,591.02,36500,937.9,38.1,35,0.00027,7.36,3.4
487,595,36500,937.9,38.1,35,0.00027,7.36,3.47
488,598.91,36500,937.9,38.1,35,0.00027,7.36,3.4
489,602.76,36500,937.9,38.1,35,0.00027,7.36,3.4
490,606.54,36500,937.9,38.1,35,0.00027,7.36,3.4
491,610.25,36500,937.9,38.1,35,0.00027,7.36,3.34
492,613.89,36500,937.9,38.1,35,0.00027,7.36,3.34
493,617.46,36500,937.9,38.1,35,0.00027,7.36,3.27
494,620.96,36500,937.9,38.1,35,0.00027,7.36,3.27
495,624.39,36500,937.9,38.1,35,0.00027,7.36,3.23
496,627.75,36500,937.9,38.1,35,0.00027,7.36,3.2
497,631.03,36500,937.9,38.1,35,0.00027,7.36,3.2
498,634.25,36500,937.9,38.1,35,0.00027,7.36,3.17
499,637.39,36500,937.9,38.1,35,0.00027,7.36,3.1
500,640.46,36500,937.9,38.1,35,0.00027,7.36,3.1
501,643.46,36500,937.9,38.1,35,0.00027,7.36,3.13
502,646.39,36500,937.9,38.1,35,0.00027,7.36,3.13
503,649.24,36500,937.9,38.1,35,0.00027,7.36,3.1
504,652.02,36500,937.9,38.1,35,0.00027,7.36,3.03
505,654.72,36500,937.9,38.1,35,0.00027,7.36,3.03
506,657.35,36500,937.9,38.1,35,0.00027,7.36,3
507,659.91,36500,937.9,38.1,35,0.00027,7.36,3.03
508,662.39,36500,937.9,38.1,35,0.00027,7.36,2.96
509,664.79,36500,937.9,38.1,35,0.00027,7.36,2.96
510,667.13,36500,937.9,38.1,35,0.00027,7.36,2.93
511,669.38,36500,937.9,38.1,35,0.00027,7.36,2.96
512,671.56,36500,937.9,38.1,35,0.00027,7.36,2.93
513,673.67,36500,937.9,38.1,35,0.00027,7.36,2.93
514,675.7,36500,937.9,38.1,35,0.00027,7.36,2.9
515,677.65,36500,937.9,38.1,35,0.00027,7.36,2.86
516,679.53,36500,937.9,38.1,35,0.00027,7.36,2.96
517,681.33,36500,937.9,38.1,35,0.00027,7.36,2.86
518,683.06,36500,937.9,38.1,35,0.00027,7.36,2.93
519,684.71,36500,937.9,38.1,35,0.00027,7.36,2.83
520,686.28,36500,937.9,38.1,35,0.00027,7.36,2.86
521,687.78,36500,937.9,38.1,35,0.00027,7.36,2.86
522,689.2,36500,937.9,38.1,35,0.00027,7.36,2.9
523,690.54,36500,937.9,38.1,35,0.00027,7.36,2.76
524,691.81,36500,937.9,38.1,35,0.00027,7.36,2.8
525,693,36500,937.9,38.1,35,0.00027,7.36,2.76
526,694.11,36500,937.9,38.1,35,0.00027,7.36,2.73
527,695.15,36500,937.9,38.1,35,0.00027,7.36,2.76
528,696.11,36500,937.9,38.1,35,0.00027,7.36,2.7
529,697,36500,937.9,38.1,35,0.00027,7.36,2.66
530,697.8,36500,937.9,38.1,35,0.00027,7.36,2.66
531,698.53,36500,937.9,38.1,35,0.00027,7.36,2.63
532,699.18,36500,937.9,38.1,35,0.00027,7.36,2.56
533,699.76,36500,937.9,38.1,35,0.00027,7.36,2.56
534,700.26,36500,937.9,38.1,35,0.00027,7.36,2.53
535,700.68,36500,937.9,38.1,35,0.00027,7.36,2.49
536,701.02,36500,937.9,38.1,35,0.00027,7.36,2.46
537,701.29,36500,937.9,38.1,35,0.00027,7.36,2.49
538,701.48,36500,937.9,38.1,35,0.00027,7.36,2.39
539,701.6,36500,937.9,38.1,35,0.00027,7.36,2.36
540,701.63,36500,937.9,38.1,35,0.00027,7.36,2.29
541,701.59,36500,937.9,38.1,35,0.00027,7.36,2.32
542,701.47,36500,937.9,38.1,35,0.00027,7.36,2.32
543,701.28,36500,937.9,38.1,35,0.00027,7.36,2.29
544,701.01,36500,937.9,38.1,35,0.00027,7.36,2.22
545,700.66,36500,937.9,38.1,35,0.00027,7.36,2.16
546,700.23,36500,937.9,38.1,35,0.00027,7.36,2.12
547,699.73,36500,937.9,38.1,35,0.00027,7.36,2.12
548,699.15,36500,937.9,38.1,35,0.00027,7.36,2.06
549,698.49,36500,937.9,38.1,35,0.00027,7.36,2.06
550,697.76,36500,937.9,38.1,35,0.00027,7.36,2.02
551,696.94,36500,937.9,38.1,35,0.00027,7.36,1.95
552,696.06,36500,937.9,38.1,35,0.00027,7.36,1.92
553,695.09,36500,937.9,38.1,35,0.00027,7.36,1.92
554,694.05,36500,937.9,38.1,35,0.00027,7.36,1.89
555,692.93,36500,937.9,38.1,35,0.00027,7.36,1.82
556,691.74,36500,937.9,38.1,35,0.00027,7.36,1.79
557,690.47,36500,937.9,38.1,35,0.00027,7.36,1.85
558,689.12,36500,937.9,38.1,35,0.00027,7.36,1.72
559,687.69,36500,937.9,38.1,35,0.00027,7.36,1.75
560,686.19,36500,937.9,38.1,35,0.00027,7.36,1.72
561,684.62,36500,937.9,38.1,35,0.00027,7.36,1.68
562,682.96,36500,937.9,38.1,35,0.00027,7.36,1.65
563,681.23,36500,937.9,38.1,35,0.00027,7.36,1.65
564,679.43,36500,937.9,38.1,35,0.00027,7.36,1.62
565,677.55,36500,937.9,38.1,35,0.00027,7.36,1.55
566,675.59,36500,937.9,38.1,35,0.00027,7.36,1.52
567,673.56,36500,937.9,38.1,35,0.00027,7.36,1.55
568,671.45,36500,937.9,38.1,35,0.00027,7.36,1.48
569,669.26,36500,937.9,38.1,35,0.00027,7.36,1.48
570,667.01,36500,937.9,38.1,35,0.00027,7.36,1.45
571,664.67,36500,937.9,38.1,35,0.00027,7.36,1.42
572,662.26,36500,937.9,38.1,35,0.00027,7.36,1.38
573,659.78,36500,937.9,38.1,35,0.00027,7.36,1.42
574,657.22,36500,937.9,38.1,35,0.00027,7.36,1.35
575,654.59,36500,937.9,38.1,35,0.00027,7.36,1.35
576,651.88,36500,937.9,38.1,35,0.00027,7.36,1.31
577,649.1,36500,937.9,38.1,35,0.00027,7.36,1.35
578,646.25,36500,937.9,38.1,35,0.00027,7.36,1.28
579,643.33,36500,937.9,38.1,35,0.00027,7.36,1.25
580,640.33,36500,937.9,38.1,35,0.00027,7.36,1.35
581,637.25,36500,937.9,38.1,35,0.00027,7.36,1.25
582,634.11,36500,937.9,38.1,35,0.00027,7.36,1.31
583,630.89,36500,937.9,38.1,35,0.00027,7.36,1.25
584,627.61,36500,937.9,38.1,35,0.00027,7.36,1.31
585,624.25,36500,937.9,38.1,35,0.00027,7.36,1.25
586,620.82,36500,937.9,38.1,35,0.00027,7.36,1.28
587,617.32,36500,937.9,38.1,35,0.00027,7.36,1.21
588,613.75,36500,937.9,38.1,35,0.00027,7.36,1.25
589,610.11,36500,937.9,38.1,35,0.00027,7.36,1.28
590,606.4,36500,937.9,38.1,35,0.00027,7.36,1.18
591,602.62,36500,937.9,38.1,35,0.00027,7.36,1.25
592,598.78,36500,937.9,38.1,35,0.00027,7.36,1.28
593,594.87,36500,937.9,38.1,35,0.00027,7.36,1.21
594,590.89,36500,937.9,38.1,35,0.00027,7.36,1.25
595,586.84,36500,937.9,38.1,35,0.00027,7.36,1.31
596,582.73,36500,937.9,38.1,35,0.00027,7.36,1.28
597,578.55,36500,937.9,38.1,35,0.00027,7.36,1.25
598,574.31,36500,937.9,38.1,35,0.00027,7.36,1.31
599,570.01,36500,937.9,38.1,35,0.00027,7.36,1.28
600,565.64,36500,937.9,38.1,35,0.00027,7.36,1.28
601,561.21,36500,937.9,38.1,35,0.00027,7.36,1.25
602,556.72,36500,937.9,38.1,35,0.00027,7.36,1.38
603,552.17,36500,937.9,38.1,35,0.00027,7.36,1.35
604,547.56,36500,937.9,38.1,35,0.00027,7.36,1.35
605,542.89,36500,937.9,38.1,35,0.00027,7.36,1.38
606,538.16,36500,937.9,38.1,35,0.00027,7.36,1.42
607,533.38,36500,937.9,38.1,35,0.00027,7.36,1.38
608,528.54,36500,937.9,38.1,35,0.00027,7.36,1.45
609,523.64,36500,937.9,38.1,35,0.00027,7.36,1.45
610,518.7,36500,937.9,38.1,35,0.00027,7.36,1.45
611,513.69,36500,937.9,38.1,35,0.00027,7.36,1.48
612,508.64,36500,937.9,38.1,35,0.00027,7.36,1.48
613,503.54,36500,937.9,38.1,35,0.00027,7.36,1.48
614,498.38,36500,937.9,38.1,35,0.00027,7.36,1.52
615,493.18,36500,937.9,38.1,35,0.00027,7.36,1.55
616,487.93,36500,937.9,38.1,35,0.00027,7.36,1.52
617,482.64,36500,937.9,38.1,35,0.00027,7.36,1.58
618,477.3,36500,937.9,38.1,35,0.00027,7.36,1.58
619,471.92,36500,937.9,38.1,35,0.00027,7.36,1.58
620,466.49,36500,937.9,38.1,35,0.00027,7.36,1.58
621,461.03,36500,937.9,38.1,35,0.00027,7.36,1.58
622,455.52,36500,937.9,38.1,35,0.00027,7.36,1.58
623,449.98,36500,937.9,38.1,35,0.00027,7.36,1.58
624,444.41,36500,937.9,38.1,35,0.00027,7.36,1.58
625,438.8,36500,937.9,38.1,35,0.00027,7.36,1.58
626,433.15,36500,937.9,38.1,35,0.00027,7.36,1.62
627,427.48,36500,937.9,38.1,35,0.00027,7.36,1.62
628,421.78,36500,937.9,38.1,35,0.00027,7.36,1.62
629,416.04,36500,937.9,38.1,35,0.00027,7.36,1.62
630,410.29,36500,937.9,38.1,35,0.00027,7.36,1.62
631,404.51,36500,937.9,38.1,35,0.00027,7.36,1.62
632,398.7,36500,937.9,38.1,35,0.00027,7.36,1.62
633,392.88,36500,937.9,38.1,35,0.00027,7.36,1.62
634,387.03,36500,937.9,38.1,35,0.00027,7.36,1.62
635,381.17,36500,937.9,38.1,35,0.00027,7.36,1.62
636,375.29,36500,937.9,38.1,35,0.00027,7.36,1.62
637,369.4,36500,937.9,38.1,35,0.00027,7.36,1.62
638,363.5,36500,937.9,38.1,35,0.00027,7.36,1.65
639,357.59,36500,937.9,38.1,35,0.00027,7.36,1.65
640,351.67,36500,937.9,38.1,35,0.00027,7.36,1.65
641,345.75,36500,937.9,38.1,35,0.00027,7.36,1.65
642,339.82,36500,937.9,38.1,35,0.00027,7.36,1.62
643,333.9,36500,937.9,38.1,35,0.00027,7.36,1.62
644,327.97,36500,937.9,38.1,35,0.00027,7.36,1.58
645,322.04,36500,937.9,38.1,35,0.00027,7.36,1.62
646,316.12,36500,937.9,38.1,35,0.00027,7.36,1.55
647,310.21,36500,937.9,38.1,35,0.00027,7.36,1.55
648,304.31,36500,937.9,38.1,35,0.00027,7.36,1.55
649,298.42,36500,937.9,38.1,35,0.00027,7.36,1.52
650,292.54,36500,937.9,38.1,35,0.00027,7.36,1.58
651,286.68,36500,937.9,38.1,35,0.00027,7.36,1.52
652,280.84,36500,937.9,38.1,35,0.00027,7.36,1.55
653,275.01,36500,937.9,38.1,35,0.00027,7.36,1.45
654,269.21,36500,937.9,38.1,35,0.00027,7.36,1.48
655,263.44,36500,937.9,38.1,35,0.00027,7.36,1.45
656,257.69,36500,937.9,38.1,35,0.00027,7.36,1.45
657,251.97,36500,937.9,38.1,35,0.00027,7.36,1.45
658,246.29,36500,937.9,38.1,35,0.00027,7.36,1.45
659,240.63,36500,937.9,38.1,35,0.00027,7.36,1.42
660,235.02,36500,937.9,38.1,35,0.00027,7.36,1.38
661,229.44,36500,937.9,38.1,35,0.00027,7.36,1.38
662,223.9,36500,937.9,38.1,35,0.00027,7.36,1.38
663,218.4,36500,937.9,38.1,35,0.00027,7.36,1.38
664,212.95,36500,937.9,38.1,35,0.00027,7.36,1.38
665,207.55,36500,937.9,38.1,35,0.00027,7.36,1.35
666,202.2,36500,937.9,38.1,35,0.00027,7.36,1.31
667,196.9,36500,937.9,38.1,35,0.00027,7.36,1.31
668,191.65,36500,937.9,38.1,35,0.00027,7.36,1.31
669,186.46,36500,937.9,38.1,35,0.00027,7.36,1.28
670,181.33,36500,937.9,38.1,35,0.00027,7.36,1.25
671,176.26,36500,937.9,38.1,35,0.00027,7.36,1.31
672,171.26,36500,937.9,38.1,35,0.00027,7.36,1.28
673,166.31,36500,937.9,38.1,35,0.00027,7.36,1.25
674,161.44,36500,937.9,38.1,35,0.00027,7.36,1.31
675,156.63,36500,937.9,38.1,35,0.00027,7.36,1.28
676,151.9,36500,937.9,38.1,35,0.00027,7.36,1.25
677,147.24,36500,937.9,38.1,35,0.00027,7.36,1.35
678,142.65,36500,937.9,38.1,35,0.00027,7.36,1.28
679,138.15,36500,937.9,38.1,35,0.00027,7.36,1.25
680,133.72,36500,937.9,38.1,35,0.00027,7.36,1.35
681,129.37,36500,937.9,38.1,35,0.00027,7.36,1.28
682,125.11,36500,937.9,38.1,35,0.00027,7.36,1.25
683,120.93,36500,937.9,38.1,35,0.00027,7.36,1.38
684,116.84,36500,937.9,38.1,35,0.00027,7.36,1.35
685,112.84,36500,937.9,38.1,35,0.00027,7.36,1.35
686,108.93,36500,937.9,38.1,35,0.00027,7.36,1.35
687,105.12,36500,937.9,38.1,35,0.00027,7.36,1.35
688,101.39,36500,937.9,38.1,35,0.00027,7.36,1.35
689,97.77,36500,937.9,38.1,35,0.00027,7.36,1.35
690,94.24,36500,937.9,38.1,35,0.00027,7.36,1.38
691,90.81,36500,937.9,38.1,35,0.00027,7.36,1.42
692,87.48,36500,937.9,38.1,35,0.00027,7.36,1.42
693,84.25,36500,937.9,38.1,35,0.00027,7.36,1.42
694,81.13,36500,937.9,38.1,35,0.00027,7.36,1.42
695,78.11,36500,937.9,38.1,35,0.00027,7.36,1.42
696,75.2,36500,937.9,38.1,35,0.00027,7.36,1.45
697,72.4,36500,937.9,38.1,35,0.00027,7.36,1.45
698,69.71,36500,937.9,38.1,35,0.00027,7.36,1.48
699,67.12,36500,937.9,38.1,35,0.00027,7.36,1.48
700,64.65,36500,937.9,38.1,35,0.00027,7.36,1.52
701,62.3,36500,937.9,38.1,35,0.00027,7.36,1.52
702,60.05,36500,937.9,38.1,35,0.00027,7.36,1.55
703,57.92,36500,937.9,38.1,35,0.00027,7.36,1.52
704,55.91,36500,937.9,38.1,35,0.00027,7.36,1.58
705,54.02,36500,937.9,38.1,35,0.00027,7.36,1.55
706,52.24,36500,937.9,38.1,35,0.00027,7.36,1.55
707,50.58,36500,937.9,38.1,35,0.00027,7.36,1.55
708,49.04,36500,937.9,38.1,35,0.00027,7.36,1.55
709,47.62,36500,937.9,38.1,35,0.00027,7.36,1.58
710,46.32,36500,937.9,38.1,35,0.00027,7.36,1.65
711,45.15,36500,937.9,38.1,35,0.00027,7.36,1.72
712,44.09,36500,937.9,38.1,35,0.00027,7.36,1.72
713,43.16,36500,937.9,38.1,35,0.00027,7.36,1.75
714,42.35,36500,937.9,38.1,35,0.00027,7.36,1.75
715,41.66,36500,937.9,38.1,35,0.00027,7.36,1.79
716,41.1,36500,937.9,38.1,35,0.00027,7.36,1.85
717,40.66,36500,937.9,38.1,35,0.00027,7.36,1.82
718,40.35,36500,937.9,38.1,35,0.00027,7.36,1.82
719,40.16,36500,937.9,38.1,35,0.00027,7.36,1.82
720,40.09,36500,937.9,38.1,35,0.00027,7.36,1.85