Crank_angle,Volume,cf_value,density,viscosity,mass_of_fuel,cetane,load,pressure
1,40.16,,,,,,3.41,2.06
2,40.34,,,,,,,2.12
3,40.65,,,,,,,2.09
4,41.09,,,,,,,2.02
5,41.65,,,,,,,1.99
6,42.33,,,,,,,1.99
7,43.14,,,,,,,1.95
8,44.07,,,,,,,1.85
9,45.12,,,,,,,1.79
10,46.29,,,,,,,1.79
11,47.59,,,,,,,1.75
12,49,,,,,,,1.65
13,50.54,,,,,,,1.62
14,52.19,,,,,,,1.55
15,53.97,,,,,,,1.48
16,55.86,,,,,,,1.48
17,57.87,,,,,,,1.45
18,60,,,,,,,1.48
19,62.24,,,,,,,1.45
20,64.59,,,,,,,1.48
21,67.06,,,,,,,1.48
22,69.64,,,,,,,1.45
23,72.33,,,,,,,1.45
24,75.13,,,,,,,1.42
25,78.04,,,,,,,1.38
26,81.06,,,,,,,1.42
27,84.18,,,,,,,1.35
28,87.4,,,,,,,1.38
29,90.73,,,,,,,1.42
30,94.16,,,,,,,1.38
31,97.68,,,,,,,1.42
32,101.31,,,,,,,1.42
33,105.03,,,,,,,1.42
34,108.85,,,,,,,1.42
35,112.76,,,,,,,1.42
36,116.75,,,,,,,1.42
37,120.84,,,,,,,1.42
38,125.02,,,,,,,1.42
39,129.28,,,,,,,1.42
40,133.63,,,,,,,1.45
41,138.05,,,,,,,1.48
42,142.56,,,,,,,1.45
43,147.15,,,,,,,1.48
44,151.81,,,,,,,1.45
45,156.54,,,,,,,1.45
46,161.35,,,,,,,1.48
47,166.22,,,,,,,1.45
48,171.16,,,,,,,1.48
49,176.17,,,,,,,1.45
50,181.24,,,,,,,1.48
51,186.37,,,,,,,1.45
52,191.56,,,,,,,1.48
53,196.81,,,,,,,1.48
54,202.11,,,,,,,1.45
55,207.46,,,,,,,1.48
56,212.87,,,,,,,1.45
57,218.32,,,,,,,1.48
58,223.81,,,,,,,1.45
59,229.35,,,,,,,1.48
60,234.93,,,,,,,1.45
61,240.55,,,,,,,1.48
62,246.21,,,,,,,1.45
63,251.9,,,,,,,1.48
64,257.62,,,,,,,1.45
65,263.37,,,,,,,1.48
66,269.14,,,,,,,1.45
67,274.95,,,,,,,1.48
68,280.77,,,,,,,1.45
69,286.62,,,,,,,1.48
70,292.48,,,,,,,1.45
71,298.36,,,,,,,1.48
72,304.25,,,,,,,1.45
73,310.16,,,,,,,1.48
74,316.07,,,,,,,1.45
75,322,,,,,,,1.48
76,327.92,,,,,,,1.45
77,333.85,,,,,,,1.48
78,339.78,,,,,,,1.48
79,345.71,,,,,,,1.45
80,351.64,,,,,,,1.48
81,357.56,,,,,,,1.45
82,363.48,,,,,,,1.48
83,369.38,,,,,,,1.48
84,375.27,,,,,,,1.48
85,381.15,,,,,,,1.48
86,387.02,,,,,,,1.48
87,392.87,,,,,,,1.48
88,398.69,,,,,,,1.48
89,404.5,,,,,,,1.48
90,410.29,,,,,,,1.48
91,416.05,,,,,,,1.48
92,421.78,,,,,,,1.48
93,427.49,,,,,,,1.48
94,433.17,,,,,,,1.48
95,438.81,,,,,,,1.48
96,444.43,,,,,,,1.48
97,450.01,,,,,,,1.48
98,455.55,,,,,,,1.48
99,461.06,,,,,,,1.48
100,466.52,,,,,,,1.48
101,471.95,,,,,,,1.48
102,477.34,,,,,,,1.52
103,482.68,,,,,,,1.52
104,487.98,,,,,,,1.55
105,493.23,,,,,,,1.48
106,498.43,,,,,,,1.48
107,503.59,,,,,,,1.52
108,508.7,,,,,,,1.55
109,513.75,,,,,,,1.48
110,518.76,,,,,,,1.52
111,523.71,,,,,,,1.58
112,528.6,,,,,,,1.55
113,533.45,,,,,,,1.52
114,538.23,,,,,,,1.58
115,542.96,,,,,,,1.55
116,547.63,,,,,,,1.55
117,552.25,,,,,,,1.55
118,556.8,,,,,,,1.52
119,561.29,,,,,,,1.58
120,565.72,,,,,,,1.58
121,570.09,,,,,,,1.58
122,574.4,,,,,,,1.62
123,578.64,,,,,,,1.58
124,582.82,,,,,,,1.58
125,586.93,,,,,,,1.58
126,590.98,,,,,,,1.58
127,594.96,,,,,,,1.62
128,598.87,,,,,,,1.62
129,602.72,,,,,,,1.58
130,606.49,,,,,,,1.65
131,610.2,,,,,,,1.65
132,613.84,,,,,,,1.65
133,617.41,,,,,,,1.68
134,620.91,,,,,,,1.62
135,624.34,,,,,,,1.65
136,627.7,,,,,,,1.68
137,630.99,,,,,,,1.62
138,634.2,,,,,,,1.65
139,637.35,,,,,,,1.68
140,640.42,,,,,,,1.65
141,643.42,,,,,,,1.72
142,646.34,,,,,,,1.72
143,649.19,,,,,,,1.72
144,651.97,,,,,,,1.72
145,654.68,,,,,,,1.72
146,657.31,,,,,,,1.72
147,659.86,,,,,,,1.72
148,662.35,,,,,,,1.72
149,664.75,,,,,,,1.72
150,667.09,,,,,,,1.72
151,669.34,,,,,,,1.75
152,671.52,,,,,,,1.72
153,673.63,,,,,,,1.75
154,675.66,,,,,,,1.75
155,677.62,,,,,,,1.75
156,679.5,,,,,,,1.75
157,681.3,,,,,,,1.75
158,683.03,,,,,,,1.75
159,684.68,,,,,,,1.75
160,686.25,,,,,,,1.75
161,687.75,,,,,,,1.79
162,689.17,,,,,,,1.79
163,690.52,,,,,,,1.82
164,691.79,,,,,,,1.72
165,692.98,,,,,,,1.79
166,694.09,,,,,,,1.85
167,695.13,,,,,,,1.79
168,696.09,,,,,,,1.85
169,696.98,,,,,,,1.79
170,697.79,,,,,,,1.85
171,698.52,,,,,,,1.79
172,699.17,,,,,,,1.85
173,699.75,,,,,,,1.79
174,700.25,,,,,,,1.85
175,700.67,,,,,,,1.82
176,701.02,,,,,,,1.79
177,701.29,,,,,,,1.89
178,701.48,,,,,,,1.82
179,701.59,,,,,,,1.79
180,701.63,,,,,,,1.89
181,701.59,,,,,,,1.82
182,701.48,,,,,,,1.82
183,701.28,,,,,,,1.82
184,701.01,,,,,,,1.85
185,700.66,,,,,,,1.85
186,700.24,,,,,,,1.85
187,699.74,,,,,,,1.85
188,699.16,,,,,,,1.85
189,698.5,,,,,,,1.89
190,697.77,,,,,,,1.85
191,696.96,,,,,,,1.89
192,696.07,,,,,,,1.85
193,695.11,,,,,,,1.89
194,694.07,,,,,,,1.89
195,692.95,,,,,,,1.89
196,691.76,,,,,,,1.89
197,690.49,,,,,,,1.89
198,689.14,,,,,,,1.89
199,687.72,,,,,,,1.89
200,686.22,,,,,,,1.89
201,684.65,,,,,,,1.89
202,682.99,,,,,,,1.89
203,681.27,,,,,,,1.92
204,679.46,,,,,,,1.95
205,677.58,,,,,,,1.92
206,675.63,,,,,,,1.95
207,673.59,,,,,,,1.92
208,671.49,,,,,,,1.95
209,669.3,,,,,,,1.95
210,667.05,,,,,,,1.95
211,664.71,,,,,,,1.95
212,662.3,,,,,,,1.95
213,659.82,,,,,,,1.95
214,657.27,,,,,,,1.95
215,654.63,,,,,,,1.99
216,651.93,,,,,,,2.02
217,649.15,,,,,,,2.02
218,646.3,,,,,,,2.02
219,643.37,,,,,,,2.02
220,640.37,,,,,,,2.06
221,637.3,,,,,,,2.09
222,634.16,,,,,,,2.02
223,630.94,,,,,,,2.06
224,627.65,,,,,,,2.12
225,624.29,,,,,,,2.09
226,620.87,,,,,,,2.06
227,617.36,,,,,,,2.12
228,613.79,,,,,,,2.12
229,610.16,,,,,,,2.12
230,606.45,,,,,,,2.16
231,602.67,,,,,,,2.16
232,598.82,,,,,,,2.16
233,594.91,,,,,,,2.19
234,590.93,,,,,,,2.22
235,586.89,,,,,,,2.19
236,582.77,,,,,,,2.26
237,578.6,,,,,,,2.26
238,574.36,,,,,,,2.26
239,570.05,,,,,,,2.29
240,565.68,,,,,,,2.29
241,561.25,,,,,,,2.29
242,556.76,,,,,,,2.32
243,552.21,,,,,,,2.39
244,547.6,,,,,,,2.36
245,542.93,,,,,,,2.32
246,538.2,,,,,,,2.43
247,533.41,,,,,,,2.39
248,528.57,,,,,,,2.39
249,523.68,,,,,,,2.46
250,518.73,,,,,,,2.49
251,513.72,,,,,,,2.46
252,508.67,,,,,,,2.53
253,503.56,,,,,,,2.53
254,498.41,,,,,,,2.56
255,493.2,,,,,,,2.56
256,487.95,,,,,,,2.63
257,482.66,,,,,,,2.63
258,477.32,,,,,,,2.63
259,471.93,,,,,,,2.66
260,466.51,,,,,,,2.73
261,461.04,,,,,,,2.8
262,455.54,,,,,,,2.8
263,450,,,,,,,2.83
264,444.42,,,,,,,2.86
265,438.81,,,,,,,2.93
266,433.16,,,,,,,2.9
267,427.49,,,,,,,2.93
268,421.78,,,,,,,3
269,416.05,,,,,,,3.07
270,410.29,,,,,,,3.1
271,404.5,,,,,,,3.1
272,398.7,,,,,,,3.17
273,392.87,,,,,,,3.2
274,387.02,,,,,,,3.27
275,381.16,,,,,,,3.34
276,375.28,,,,,,,3.37
277,369.39,,,,,,,3.44
278,363.49,,,,,,,3.44
279,357.58,,,,,,,3.47
280,351.66,,,,,,,3.57
281,345.73,,,,,,,3.6
282,339.8,,,,,,,3.71
283,333.87,,,,,,,3.74
284,327.95,,,,,,,3.87
285,322.02,,,,,,,3.94
286,316.1,,,,,,,4.04
287,310.19,,,,,,,4.08
288,304.28,,,,,,,4.18
289,298.39,,,,,,,4.25
290,292.51,,,,,,,4.31
291,286.65,,,,,,,4.41
292,280.8,,,,,,,4.55
293,274.98,,,,,,,4.62
294,269.18,,,,,,,4.78
295,263.4,,,,,,,4.85
296,257.65,,,,,,,4.99
297,251.93,,,,,,,5.12
298,246.25,,,,,,,5.22
299,240.59,,,,,,,5.36
300,234.97,,,,,,,5.53
301,229.4,,,,,,,5.69
302,223.86,,,,,,,5.83
303,218.36,,,,,,,6.03
304,212.91,,,,,,,6.17
305,207.51,,,,,,,6.33
306,202.16,,,,,,,6.54
307,196.86,,,,,,,6.74
308,191.61,,,,,,,6.91
309,186.42,,,,,,,7.21
310,181.29,,,,,,,7.38
311,176.22,,,,,,,7.68
312,171.21,,,,,,,7.92
313,166.27,,,,,,,8.22
314,161.39,,,,,,,8.49
315,156.59,,,,,,,8.79
316,151.85,,,,,,,9.13
317,147.19,,,,,,,9.43
318,142.61,,,,,,,9.8
319,138.1,,,,,,,10.21
320,133.67,,,,,,,10.58
321,129.33,,,,,,,10.98
322,125.07,,,,,,,11.42
323,120.89,,,,,,,11.96
324,116.8,,,,,,,12.43
325,112.8,,,,,,,12.97
326,108.89,,,,,,,13.58
327,105.07,,,,,,,14.15
328,101.35,,,,,,,14.76
329,97.72,,,,,,,15.36
330,94.2,,,,,,,16.1
331,90.77,,,,,,,16.81
332,87.44,,,,,,,17.62
333,84.21,,,,,,,18.43
334,81.09,,,,,,,19.34
335,78.08,,,,,,,20.25
336,75.17,,,,,,,21.16
337,72.37,,,,,,,22.17
338,69.67,,,,,,,23.15
339,67.09,,,,,,,24.22
340,64.62,,,,,,,25.34
341,62.27,,,,,,,26.48
342,60.03,,,,,,,27.66
343,57.9,,,,,,,28.97
344,55.89,,,,,,,30.15
345,53.99,,,,,,,31.37
346,52.22,,,,,,,32.58
347,50.56,,,,,,,33.69
348,49.02,,,,,,,34.8
349,47.6,,,,,,,35.81
350,46.31,,,,,,,36.79
351,45.13,,,,,,,37.84
352,44.08,,,,,,,38.85
353,43.15,,,,,,,39.72
354,42.34,,,,,,,40.5
355,41.66,,,,,,,41.2
356,41.09,,,,,,,42.01
357,40.66,,,,,,,43.02
358,40.35,,,,,,,44.37
359,40.16,,,,,,,46.26
360,40.09,,,,,,,49.12
361,40.15,,,,,,,52.46
362,40.34,,,,,,,57.01
363,40.65,,,,,,,63.1
364,41.08,,,,,,,68.12
365,41.64,,,,,,,71.43
366,42.32,,,,,,,67.01
367,43.12,,,,,,,62.3
368,44.05,,,,,,,62.73
369,45.1,,,,,,,64.52
370,46.27,,,,,,,66.14
371,47.57,,,,,,,62.26
372,48.98,,,,,,,57.54
373,50.52,,,,,,,55.69
374,52.17,,,,,,,54.98
375,53.95,,,,,,,55.89
376,55.84,,,,,,,53.57
377,57.85,,,,,,,50.17
378,59.97,,,,,,,46.22
379,62.21,,,,,,,44.61
380,64.56,,,,,,,44.17
381,67.03,,,,,,,43.6
382,69.61,,,,,,,42.18
383,72.3,,,,,,,39.28
384,75.1,,,,,,,36.35
385,78.01,,,,,,,34.37
386,81.02,,,,,,,33.35
387,84.14,,,,,,,32.82
388,87.36,,,,,,,32.01
389,90.69,,,,,,,30.46
390,94.12,,,,,,,28.47
391,97.64,,,,,,,26.65
392,101.27,,,,,,,25.27
393,104.99,,,,,,,24.63
394,108.8,,,,,,,24.02
395,112.71,,,,,,,23.42
396,116.71,,,,,,,22.17
397,120.8,,,,,,,21.12
398,124.97,,,,,,,19.84
399,129.24,,,,,,,18.97
400,133.58,,,,,,,18.26
401,138.01,,,,,,,17.82
402,142.51,,,,,,,17.42
403,147.1,,,,,,,16.78
404,151.76,,,,,,,16.07
405,156.49,,,,,,,15.3
406,161.3,,,,,,,14.52
407,166.17,,,,,,,14.05
408,171.12,,,,,,,13.61
409,176.12,,,,,,,13.31
410,181.19,,,,,,,12.9
411,186.33,,,,,,,12.53
412,191.52,,,,,,,12.03
413,196.76,,,,,,,11.62
414,202.07,,,,,,,11.12
415,207.42,,,,,,,10.68
416,212.82,,,,,,,10.41
417,218.28,,,,,,,10.21
418,223.77,,,,,,,9.91
419,229.31,,,,,,,9.64
420,234.89,,,,,,,9.37
421,240.51,,,,,,,9.06
422,246.17,,,,,,,8.83
423,251.86,,,,,,,8.46
424,257.58,,,,,,,8.32
425,263.33,,,,,,,8.05
426,269.11,,,,,,,7.88
427,274.91,,,,,,,7.68
428,280.74,,,,,,,7.55
429,286.59,,,,,,,7.34
430,292.45,,,,,,,7.14
431,298.33,,,,,,,6.97
432,304.23,,,,,,,6.77
433,310.13,,,,,,,6.64
434,316.05,,,,,,,6.54
435,321.97,,,,,,,6.37
436,327.9,,,,,,,6.27
437,333.83,,,,,,,6.1
438,339.77,,,,,,,6.03
439,345.7,,,,,,,5.86
440,351.62,,,,,,,5.69
441,357.55,,,,,,,5.59
442,363.46,,,,,,,5.46
443,369.37,,,,,,,5.36
444,375.26,,,,,,,5.26
445,381.14,,,,,,,5.19
446,387.01,,,,,,,5.05
447,392.86,,,,,,,4.95
448,398.69,,,,,,,4.92
449,404.5,,,,,,,4.82
450,410.29,,,,,,,4.75
451,416.05,,,,,,,4.68
452,421.79,,,,,,,4.58
453,427.49,,,,,,,4.48
454,433.17,,,,,,,4.48
455,438.82,,,,,,,4.41
456,444.44,,,,,,,4.35
457,450.02,,,,,,,4.28
458,455.56,,,,,,,4.18
459,461.07,,,,,,,4.14
460,466.54,,,,,,,4.08
461,471.97,,,,,,,4.01
462,477.35,,,,,,,3.94
463,482.7,,,,,,,3.94
464,488,,,,,,,3.87
465,493.25,,,,,,,3.84
466,498.46,,,,,,,3.77
467,503.61,,,,,,,3.71
468,508.72,,,,,,,3.64
469,513.78,,,,,,,3.64
470,518.79,,,,,,,3.6
471,523.74,,,,,,,3.57
472,528.64,,,,,,,3.47
473,533.48,,,,,,,3.47
474,538.27,,,,,,,3.44
475,543,,,,,,,3.37
476,547.67,,,,,,,3.4
477,552.29,,,,,,,3.4
478,556.84,,,,,,,3.37
479,561.33,,,,,,,3.3
480,565.76,,,,,,,3.27
481,570.13,,,,,,,3.27
482,574.44,,,,,,,3.23
483,578.68,,,,,,,3.17
484,582.86,,,,,,,3.13
485,586.97,,,,,,,3.17
486,591.02,,,,,,,3.07
487,595,,,,,,,3.1
488,598.91,,,,,,,3.07
489,602.76,,,,,,,3.07
490,606.54,,,,,,,3.03
491,610.25,,,,,,,2.96
492,613.89,,,,,,,2.93
493,617.46,,,,,,,2.96
494,620.96,,,,,,,2.93
495,624.39,,,,,,,2.9
496,627.75,,,,,,,2.9
497,631.03,,,,,,,2.86
498,634.25,,,,,,,2.93
499,637.39,,,,,,,2.86
500,640.46,,,,,,,2.9
501,643.46,,,,,,,2.8
502,646.39,,,,,,,2.83
503,649.24,,,,,,,2.8
504,652.02,,,,,,,2.83
505,654.72,,,,,,,2.8
506,657.35,,,,,,,2.76
507,659.91,,,,,,,2.73
508,662.39,,,,,,,2.76
509,664.79,,,,,,,2.7
510,667.13,,,,,,,2.7
511,669.38,,,,,,,2.73
512,671.56,,,,,,,2.73
513,673.67,,,,,,,2.73
514,675.7,,,,,,,2.7
515,677.65,,,,,,,2.66
516,679.53,,,,,,,2.66
517,681.33,,,,,,,2.66
518,683.06,,,,,,,2.63
519,684.71,,,,,,,2.59
520,686.28,,,,,,,2.66
521,687.78,,,,,,,2.59
522,689.2,,,,,,,2.63
523,690.54,,,,,,,2.56
524,691.81,,,,,,,2.56
525,693,,,,,,,2.53
526,694.11,,,,,,,2.53
527,695.15,,,,,,,2.53
528,696.11,,,,,,,2.49
529,697,,,,,,,2.46
530,697.8,,,,,,,2.46
531,698.53,,,,,,,2.46
532,699.18,,,,,,,2.46
533,699.76,,,,,,,2.43
534,700.26,,,,,,,2.36
535,700.68,,,,,,,2.32
536,701.02,,,,,,,2.39
537,701.29,,,,,,,2.32
538,701.48,,,,,,,2.36
539,701.6,,,,,,,2.26
540,701.63,,,,,,,2.29
541,701.59,,,,,,,2.26
542,701.47,,,,,,,2.26
543,701.28,,,,,,,2.22
544,701.01,,,,,,,2.16
545,700.66,,,,,,,2.16
546,700.23,,,,,,,2.16
547,699.73,,,,,,,2.12
548,699.15,,,,,,,2.12
549,698.49,,,,,,,2.09
550,697.76,,,,,,,2.06
551,696.94,,,,,,,2.09
552,696.06,,,,,,,2.02
553,695.09,,,,,,,2.02
554,694.05,,,,,,,2.02
555,692.93,,,,,,,1.99
556,691.74,,,,,,,1.99
557,690.47,,,,,,,1.95
558,689.12,,,,,,,1.92
559,687.69,,,,,,,1.95
560,686.19,,,,,,,1.89
561,684.62,,,,,,,1.85
562,682.96,,,,,,,1.89
563,681.23,,,,,,,1.85
564,679.43,,,,,,,1.85
565,677.55,,,,,,,1.82
566,675.59,,,,,,,1.79
567,673.56,,,,,,,1.85
568,671.45,,,,,,,1.79
569,669.26,,,,,,,1.85
570,667.01,,,,,,,1.79
571,664.67,,,,,,,1.82
572,662.26,,,,,,,1.72
573,659.78,,,,,,,1.75
574,657.22,,,,,,,1.72
575,654.59,,,,,,,1.72
576,651.88,,,,,,,1.72
577,649.1,,,,,,,1.72
578,646.25,,,,,,,1.68
579,643.33,,,,,,,1.65
580,640.33,,,,,,,1.68
581,637.25,,,,,,,1.62
582,634.11,,,,,,,1.62
583,630.89,,,,,,,1.62
584,627.61,,,,,,,1.62
585,624.25,,,,,,,1.58
586,620.82,,,,,,,1.58
587,617.32,,,,,,,1.58
588,613.75,,,,,,,1.58
589,610.11,,,,,,,1.58
590,606.4,,,,,,,1.58
591,602.62,,,,,,,1.55
592,598.78,,,,,,,1.52
593,594.87,,,,,,,1.58
594,590.89,,,,,,,1.55
595,586.84,,,,,,,1.52
596,582.73,,,,,,,1.58
597,578.55,,,,,,,1.55
598,574.31,,,,,,,1.52
599,570.01,,,,,,,1.58
600,565.64,,,,,,,1.55
601,561.21,,,,,,,1.52
602,556.72,,,,,,,1.58
603,552.17,,,,,,,1.55
604,547.56,,,,,,,1.52
605,542.89,,,,,,,1.58
606,538.16,,,,,,,1.58
607,533.38,,,,,,,1.58
608,528.54,,,,,,,1.58
609,523.64,,,,,,,1.58
610,518.7,,,,,,,1.58
611,513.69,,,,,,,1.62
612,508.64,,,,,,,1.58
613,503.54,,,,,,,1.62
614,498.38,,,,,,,1.62
615,493.18,,,,,,,1.62
616,487.93,,,,,,,1.62
617,482.64,,,,,,,1.65
618,477.3,,,,,,,1.68
619,471.92,,,,,,,1.65
620,466.49,,,,,,,1.68
621,461.03,,,,,,,1.68
622,455.52,,,,,,,1.68
623,449.98,,,,,,,1.72
624,444.41,,,,,,,1.75
625,438.8,,,,,,,1.75
626,433.15,,,,,,,1.75
627,427.48,,,,,,,1.79
628,421.78,,,,,,,1.82
629,416.04,,,,,,,1.75
630,410.29,,,,,,,1.82
631,404.51,,,,,,,1.79
632,398.7,,,,,,,1.85
633,392.88,,,,,,,1.82
634,387.03,,,,,,,1.82
635,381.17,,,,,,,1.85
636,375.29,,,,,,,1.85
637,369.4,,,,,,,1.89
638,363.5,,,,,,,1.89
639,357.59,,,,,,,1.89
640,351.67,,,,,,,1.89
641,345.75,,,,,,,1.92
642,339.82,,,,,,,1.95
643,333.9,,,,,,,1.92
644,327.97,,,,,,,1.95
645,322.04,,,,,,,1.92
646,316.12,,,,,,,1.99
647,310.21,,,,,,,1.99
648,304.31,,,,,,,1.99
649,298.42,,,,,,,1.99
650,292.54,,,,,,,1.99
651,286.68,,,,,,,1.99
652,280.84,,,,,,,1.99
653,275.01,,,,,,,1.99
654,269.21,,,,,,,1.99
655,263.44,,,,,,,1.99
656,257.69,,,,,,,1.99
657,251.97,,,,,,,1.99
658,246.29,,,,,,,1.99
659,240.63,,,,,,,1.99
660,235.02,,,,,,,1.99
661,229.44,,,,,,,1.99
662,223.9,,,,,,,1.99
663,218.4,,,,,,,1.99
664,212.95,,,,,,,1.99
665,207.55,,,,,,,1.95
666,202.2,,,,,,,1.92
667,196.9,,,,,,,1.95
668,191.65,,,,,,,1.92
669,186.46,,,,,,,1.92
670,181.33,,,,,,,1.95
671,176.26,,,,,,,1.89
672,171.26,,,,,,,1.89
673,166.31,,,,,,,1.89
674,161.44,,,,,,,1.85
675,156.63,,,,,,,1.85
676,151.9,,,,,,,1.82
677,147.24,,,,,,,1.79
678,142.65,,,,,,,1.89
679,138.15,,,,,,,1.79
680,133.72,,,,,,,1.85
681,129.37,,,,,,,1.79
682,125.11,,,,,,,1.82
683,120.93,,,,,,,1.75
684,116.84,,,,,,,1.79
685,112.84,,,,,,,1.79
686,108.93,,,,,,,1.79
687,105.12,,,,,,,1.82
688,101.39,,,,,,,1.72
689,97.77,,,,,,,1.79
690,94.24,,,,,,,1.79
691,90.81,,,,,,,1.79
692,87.48,,,,,,,1.79
693,84.25,,,,,,,1.79
694,81.13,,,,,,,1.79
695,78.11,,,,,,,1.79
696,75.2,,,,,,,1.79
697,72.4,,,,,,,1.79
698,69.71,,,,,,,1.79
699,67.12,,,,,,,1.79
700,64.65,,,,,,,1.79
701,62.3,,,,,,,1.82
702,60.05,,,,,,,1.72
703,57.92,,,,,,,1.79
704,55.91,,,,,,,1.82
705,54.02,,,,,,,1.75
706,52.24,,,,,,,1.82
707,50.58,,,,,,,1.79
708,49.04,,,,,,,1.92
709,47.62,,,,,,,1.89
710,46.32,,,,,,,1.89
711,45.15,,,,,,,1.92
712,44.09,,,,,,,1.99
713,43.16,,,,,,,2.02
714,42.35,,,,,,,1.99
715,41.66,,,,,,,2.06
716,41.1,,,,,,,2.12
717,40.66,,,,,,,2.12
718,40.35,,,,,,,2.12
719,40.16,,,,,,,2.16
720,40.09,,,,,,,2.16
1,40.16,,,,,,7.31,2.12
2,40.34,,,,,,,2.16
3,40.65,,,,,,,2.12
4,41.09,,,,,,,2.09
5,41.65,,,,,,,2.02
6,42.33,,,,,,,1.99
7,43.14,,,,,,,1.92
8,44.07,,,,,,,1.89
9,45.12,,,,,,,1.79
10,46.29,,,,,,,1.79
11,47.59,,,,,,,1.75
12,49,,,,,,,1.62
13,50.54,,,,,,,1.55
14,52.19,,,,,,,1.45
15,53.97,,,,,,,1.45
16,55.86,,,,,,,1.42
17,57.87,,,,,,,1.35
18,60,,,,,,,1.35
19,62.24,,,,,,,1.35
20,64.59,,,,,,,1.38
21,67.06,,,,,,,1.38
22,69.64,,,,,,,1.42
23,72.33,,,,,,,1.35
24,75.13,,,,,,,1.35
25,78.04,,,,,,,1.31
26,81.06,,,,,,,1.31
27,84.18,,,,,,,1.31
28,87.4,,,,,,,1.31
29,90.73,,,,,,,1.31
30,94.16,,,,,,,1.31
31,97.68,,,,,,,1.35
32,101.31,,,,,,,1.35
33,105.03,,,,,,,1.35
34,108.85,,,,,,,1.31
35,112.76,,,,,,,1.35
36,116.75,,,,,,,1.35
37,120.84,,,,,,,1.35
38,125.02,,,,,,,1.35
39,129.28,,,,,,,1.35
40,133.63,,,,,,,1.35
41,138.05,,,,,,,1.35
42,142.56,,,,,,,1.35
43,147.15,,,,,,,1.38
44,151.81,,,,,,,1.42
45,156.54,,,,,,,1.38
46,161.35,,,,,,,1.38
47,166.22,,,,,,,1.38
48,171.16,,,,,,,1.42
49,176.17,,,,,,,1.38
50,181.24,,,,,,,1.42
51,186.37,,,,,,,1.38
52,191.56,,,,,,,1.42
53,196.81,,,,,,,1.38
54,202.11,,,,,,,1.42
55,207.46,,,,,,,1.38
56,212.87,,,,,,,1.42
57,218.32,,,,,,,1.38
58,223.81,,,,,,,1.42
59,229.35,,,,,,,1.38
60,234.93,,,,,,,1.42
61,240.55,,,,,,,1.38
62,246.21,,,,,,,1.42
63,251.9,,,,,,,1.38
64,257.62,,,,,,,1.42
65,263.37,,,,,,,1.38
66,269.14,,,,,,,1.42
67,274.95,,,,,,,1.35
68,280.77,,,,,,,1.38
69,286.62,,,,,,,1.42
70,292.48,,,,,,,1.38
71,298.36,,,,,,,1.42
72,304.25,,,,,,,1.35
73,310.16,,,,,,,1.38
74,316.07,,,,,,,1.42
75,322,,,,,,,1.38
76,327.92,,,,,,,1.42
77,333.85,,,,,,,1.38
78,339.78,,,,,,,1.42
79,345.71,,,,,,,1.38
80,351.64,,,,,,,1.42
81,357.56,,,,,,,1.38
82,363.48,,,,,,,1.42
83,369.38,,,,,,,1.38
84,375.27,,,,,,,1.42
85,381.15,,,,,,,1.38
86,387.02,,,,,,,1.45
87,392.87,,,,,,,1.42
88,398.69,,,,,,,1.38
89,404.5,,,,,,,1.45
90,410.29,,,,,,,1.42
91,416.05,,,,,,,1.38
92,421.78,,,,,,,1.42
93,427.49,,,,,,,1.38
94,433.17,,,,,,,1.45
95,438.81,,,,,,,1.42
96,444.43,,,,,,,1.42
97,450.01,,,,,,,1.38
98,455.55,,,,,,,1.42
99,461.06,,,,,,,1.38
100,466.52,,,,,,,1.45
101,471.95,,,,,,,1.42
102,477.34,,,,,,,1.38
103,482.68,,,,,,,1.45
104,487.98,,,,,,,1.48
105,493.23,,,,,,,1.45
106,498.43,,,,,,,1.45
107,503.59,,,,,,,1.45
108,508.7,,,,,,,1.45
109,513.75,,,,,,,1.45
110,518.76,,,,,,,1.45
111,523.71,,,,,,,1.45
112,528.6,,,,,,,1.48
113,533.45,,,,,,,1.48
114,538.23,,,,,,,1.48
115,542.96,,,,,,,1.48
116,547.63,,,,,,,1.48
117,552.25,,,,,,,1.48
118,556.8,,,,,,,1.48
119,561.29,,,,,,,1.52
120,565.72,,,,,,,1.55
121,570.09,,,,,,,1.52
122,574.4,,,,,,,1.58
123,578.64,,,,,,,1.55
124,582.82,,,,,,,1.52
125,586.93,,,,,,,1.55
126,590.98,,,,,,,1.52
127,594.96,,,,,,,1.55
128,598.87,,,,,,,1.55
129,602.72,,,,,,,1.55
130,606.49,,,,,,,1.55
131,610.2,,,,,,,1.55
132,613.84,,,,,,,1.55
133,617.41,,,,,,,1.55
134,620.91,,,,,,,1.55
135,624.34,,,,,,,1.55
136,627.7,,,,,,,1.55
137,630.99,,,,,,,1.58
138,634.2,,,,,,,1.58
139,637.35,,,,,,,1.62
140,640.42,,,,,,,1.62
141,643.42,,,,,,,1.58
142,646.34,,,,,,,1.62
143,649.19,,,,,,,1.62
144,651.97,,,,,,,1.62
145,654.68,,,,,,,1.62
146,657.31,,,,,,,1.62
147,659.86,,,,,,,1.65
148,662.35,,,,,,,1.68
149,664.75,,,,,,,1.65
150,667.09,,,,,,,1.68
151,669.34,,,,,,,1.65
152,671.52,,,,,,,1.68
153,673.63,,,,,,,1.65
154,675.66,,,,,,,1.72
155,677.62,,,,,,,1.68
156,679.5,,,,,,,1.68
157,681.3,,,,,,,1.68
158,683.03,,,,,,,1.68
159,684.68,,,,,,,1.68
160,686.25,,,,,,,1.68
161,687.75,,,,,,,1.68
162,689.17,,,,,,,1.68
163,690.52,,,,,,,1.68
164,691.79,,,,,,,1.72
165,692.98,,,,,,,1.75
166,694.09,,,,,,,1.75
167,695.13,,,,,,,1.75
168,696.09,,,,,,,1.75
169,696.98,,,,,,,1.75
170,697.79,,,,,,,1.75
171,698.52,,,,,,,1.75
172,699.17,,,,,,,1.79
173,699.75,,,,,,,1.82
174,700.25,,,,,,,1.72
175,700.67,,,,,,,1.79
176,701.02,,,,,,,1.82
177,701.29,,,,,,,1.72
178,701.48,,,,,,,1.79
179,701.59,,,,,,,1.82
180,701.63,,,,,,,1.75
181,701.59,,,,,,,1.79
182,701.48,,,,,,,1.85
183,701.28,,,,,,,1.79
184,701.01,,,,,,,1.85
185,700.66,,,,,,,1.79
186,700.24,,,,,,,1.85
187,699.74,,,,,,,1.82
188,699.16,,,,,,,1.79
189,698.5,,,,,,,1.85
190,697.77,,,,,,,1.82
191,696.96,,,,,,,1.79
192,696.07,,,,,,,1.89
193,695.11,,,,,,,1.82
194,694.07,,,,,,,1.79
195,692.95,,,,,,,1.89
196,691.76,,,,,,,1.82
197,690.49,,,,,,,1.82
198,689.14,,,,,,,1.82
199,687.72,,,,,,,1.82
200,686.22,,,,,,,1.82
201,684.65,,,,,,,1.82
202,682.99,,,,,,,1.82
203,681.27,,,,,,,1.85
204,679.46,,,,,,,1.89
205,677.58,,,,,,,1.85
206,675.63,,,,,,,1.89
207,673.59,,,,,,,1.89
208,671.49,,,,,,,1.85
209,669.3,,,,,,,1.89
210,667.05,,,,,,,1.89
211,664.71,,,,,,,1.89
212,662.3,,,,,,,1.92
213,659.82,,,,,,,1.95
214,657.27,,,,,,,1.92
215,654.63,,,,,,,1.95
216,651.93,,,,,,,1.92
217,649.15,,,,,,,1.95
218,646.3,,,,,,,1.95
219,643.37,,,,,,,1.95
220,640.37,,,,,,,1.95
221,637.3,,,,,,,1.99
222,634.16,,,,,,,2.02
223,630.94,,,,,,,2.02
224,627.65,,,,,,,2.02
225,624.29,,,,,,,2.02
226,620.87,,,,,,,2.02
227,617.36,,,,,,,2.06
228,613.79,,,,,,,2.09
229,610.16,,,,,,,2.06
230,606.45,,,,,,,2.12
231,602.67,,,,,,,2.12
232,598.82,,,,,,,2.12
233,594.91,,,,,,,2.12
234,590.93,,,,,,,2.12
235,586.89,,,,,,,2.16
236,582.77,,,,,,,2.16
237,578.6,,,,,,,2.19
238,574.36,,,,,,,2.22
239,570.05,,,,,,,2.22
240,565.68,,,,,,,2.22
241,561.25,,,,,,,2.22
242,556.76,,,,,,,2.26
243,552.21,,,,,,,2.29
244,547.6,,,,,,,2.29
245,542.93,,,,,,,2.32
246,538.2,,,,,,,2.39
247,533.41,,,,,,,2.36
248,528.57,,,,,,,2.36
249,523.68,,,,,,,2.36
250,518.73,,,,,,,2.39
251,513.72,,,,,,,2.43
252,508.67,,,,,,,2.46
253,503.56,,,,,,,2.49
254,498.41,,,,,,,2.49
255,493.2,,,,,,,2.49
256,487.95,,,,,,,2.56
257,482.66,,,,,,,2.59
258,477.32,,,,,,,2.63
259,471.93,,,,,,,2.63
260,466.51,,,,,,,2.66
261,461.04,,,,,,,2.7
262,455.54,,,,,,,2.73
263,450,,,,,,,2.8
264,444.42,,,,,,,2.83
265,438.81,,,,,,,2.83
266,433.16,,,,,,,2.9
267,427.49,,,,,,,2.86
268,421.78,,,,,,,3
269,416.05,,,,,,,3
270,410.29,,,,,,,3.07
271,404.5,,,,,,,3.07
272,398.7,,,,,,,3.13
273,392.87,,,,,,,3.2
274,387.02,,,,,,,3.2
275,381.16,,,,,,,3.27
276,375.28,,,,,,,3.34
277,369.39,,,,,,,3.37
278,363.49,,,,,,,3.44
279,357.58,,,,,,,3.44
280,351.66,,,,,,,3.5
281,345.73,,,,,,,3.6
282,339.8,,,,,,,3.67
283,333.87,,,,,,,3.77
284,327.95,,,,,,,3.81
285,322.02,,,,,,,3.91
286,316.1,,,,,,,3.98
287,310.19,,,,,,,3.98
288,304.28,,,,,,,4.08
289,298.39,,,,,,,4.25
290,292.51,,,,,,,4.28
291,286.65,,,,,,,4.41
292,280.8,,,,,,,4.51
293,274.98,,,,,,,4.58
294,269.18,,,,,,,4.68
295,263.4,,,,,,,4.82
296,257.65,,,,,,,4.95
297,251.93,,,,,,,5.09
298,246.25,,,,,,,5.22
299,240.59,,,,,,,5.32
300,234.97,,,,,,,5.46
301,229.4,,,,,,,5.63
302,223.86,,,,,,,5.76
303,218.36,,,,,,,5.96
304,212.91,,,,,,,6.17
305,207.51,,,,,,,6.3
306,202.16,,,,,,,6.5
307,196.86,,,,,,,6.74
308,191.61,,,,,,,6.91
309,186.42,,,,,,,7.18
310,181.29,,,,,,,7.45
311,176.22,,,,,,,7.65
312,171.21,,,,,,,7.88
313,166.27,,,,,,,8.15
314,161.39,,,,,,,8.46
315,156.59,,,,,,,8.79
316,151.85,,,,,,,9.13
317,147.19,,,,,,,9.43
318,142.61,,,,,,,9.77
319,138.1,,,,,,,10.17
320,133.67,,,,,,,10.58
321,129.33,,,,,,,11.02
322,125.07,,,,,,,11.46
323,120.89,,,,,,,11.96
324,116.8,,,,,,,12.47
325,112.8,,,,,,,12.94
326,108.89,,,,,,,13.54
327,105.07,,,,,,,14.12
328,101.35,,,,,,,14.86
329,97.72,,,,,,,15.46
330,94.2,,,,,,,16.14
331,90.77,,,,,,,16.85
332,87.44,,,,,,,17.69
333,84.21,,,,,,,18.53
334,81.09,,,,,,,19.37
335,78.08,,,,,,,20.28
336,75.17,,,,,,,21.23
337,72.37,,,,,,,22.17
338,69.67,,,,,,,23.25
339,67.09,,,,,,,24.33
340,64.62,,,,,,,25.44
341,62.27,,,,,,,26.65
342,60.03,,,,,,,27.83
343,57.9,,,,,,,29.04
344,55.89,,,,,,,30.25
345,53.99,,,,,,,31.54
346,52.22,,,,,,,32.61
347,50.56,,,,,,,33.73
348,49.02,,,,,,,34.77
349,47.6,,,,,,,35.88
350,46.31,,,,,,,36.99
351,45.13,,,,,,,37.97
352,44.08,,,,,,,38.95
353,43.15,,,,,,,39.79
354,42.34,,,,,,,40.67
355,41.66,,,,,,,42.15
356,41.09,,,,,,,44.98
357,40.66,,,,,,,49.8
358,40.35,,,,,,,56.77
359,40.16,,,,,,,66.91
360,40.09,,,,,,,75.64
361,40.15,,,,,,,75.64
362,40.34,,,,,,,70.25
363,40.65,,,,,,,69.54
364,41.08,,,,,,,73.95
365,41.64,,,,,,,75.64
366,42.32,,,,,,,75.64
367,43.12,,,,,,,69.37
368,44.05,,,,,,,70.35
369,45.1,,,,,,,74.29
370,46.27,,,,,,,72.77
371,47.57,,,,,,,67.52
372,48.98,,,,,,,63.31
373,50.52,,,,,,,63.24
374,52.17,,,,,,,65.26
375,53.95,,,,,,,61.86
376,55.84,,,,,,,57.48
377,57.85,,,,,,,54.11
378,59.97,,,,,,,52.9
379,62.21,,,,,,,53.43
380,64.56,,,,,,,51.38
381,67.03,,,,,,,48.68
382,69.61,,,,,,,44.54
383,72.3,,,,,,,42.45
384,75.1,,,,,,,41.04
385,78.01,,,,,,,40.7
386,81.02,,,,,,,39.49
387,84.14,,,,,,,37.73
388,87.36,,,,,,,34.94
389,90.69,,,,,,,32.95
390,94.12,,,,,,,31.43
391,97.64,,,,,,,31.13
392,101.27,,,,,,,30.36
393,104.99,,,,,,,29.28
394,108.8,,,,,,,27.42
395,112.71,,,,,,,25.81
396,116.71,,,,,,,24.53
397,120.8,,,,,,,23.82
398,124.97,,,,,,,23.08
399,129.24,,,,,,,22.51
400,133.58,,,,,,,21.7
401,138.01,,,,,,,20.69
402,142.51,,,,,,,19.61
403,147.1,,,,,,,18.67
404,151.76,,,,,,,18.09
405,156.49,,,,,,,17.55
406,161.3,,,,,,,17.12
407,166.17,,,,,,,16.58
408,171.12,,,,,,,15.97
409,176.12,,,,,,,15.23
410,181.19,,,,,,,14.62
411,186.33,,,,,,,14.08
412,191.52,,,,,,,13.61
413,196.76,,,,,,,13.34
414,202.07,,,,,,,12.97
415,207.42,,,,,,,12.63
416,212.82,,,,,,,12.16
417,218.28,,,,,,,11.76
418,223.77,,,,,,,11.32
419,229.31,,,,,,,10.98
420,234.89,,,,,,,10.61
421,240.51,,,,,,,10.41
422,246.17,,,,,,,10.21
423,251.86,,,,,,,9.91
424,257.58,,,,,,,9.57
425,263.33,,,,,,,9.33
426,269.11,,,,,,,9.13
427,274.91,,,,,,,8.83
428,280.74,,,,,,,8.56
429,286.59,,,,,,,8.36
430,292.45,,,,,,,8.19
431,298.33,,,,,,,8.05
432,304.23,,,,,,,7.85
433,310.13,,,,,,,7.68
434,316.05,,,,,,,7.48
435,321.97,,,,,,,7.28
436,327.9,,,,,,,7.08
437,333.83,,,,,,,6.94
438,339.77,,,,,,,6.74
439,345.7,,,,,,,6.64
440,351.62,,,,,,,6.57
441,357.55,,,,,,,6.44
442,363.46,,,,,,,6.3
443,369.37,,,,,,,6.17
444,375.26,,,,,,,6.03
445,381.14,,,,,,,5.93
446,387.01,,,,,,,5.79
447,392.86,,,,,,,5.66
448,398.69,,,,,,,5.56
449,404.5,,,,,,,5.56
450,410.29,,,,,,,5.46
451,416.05,,,,,,,5.32
452,421.79,,,,,,,5.22
453,427.49,,,,,,,5.15
454,433.17,,,,,,,5.09
455,438.82,,,,,,,4.99
456,444.44,,,,,,,4.92
457,450.02,,,,,,,4.82
458,455.56,,,,,,,4.75
459,461.07,,,,,,,4.72
460,466.54,,,,,,,4.62
461,471.97,,,,,,,4.58
462,477.35,,,,,,,4.48
463,482.7,,,,,,,4.48
464,488,,,,,,,4.41
465,493.25,,,,,,,4.35
466,498.46,,,,,,,4.28
467,503.61,,,,,,,4.21
468,508.72,,,,,,,4.18
469,513.78,,,,,,,4.11
470,518.79,,,,,,,4.04
471,523.74,,,,,,,4.01
472,528.64,,,,,,,3.98
473,533.48,,,,,,,3.91
474,538.27,,,,,,,3.91
475,543,,,,,,,3.84
476,547.67,,,,,,,3.81
477,552.29,,,,,,,3.81
478,556.84,,,,,,,3.77
479,561.33,,,,,,,3.71
480,565.76,,,,,,,3.64
481,570.13,,,,,,,3.64
482,574.44,,,,,,,3.6
483,578.68,,,,,,,3.6
484,582.86,,,,,,,3.54
485,586.97,,,,,,,3.54
486,591.02,,,,,,,3.47
487,595,,,,,,,3.47
488,598.91,,,,,,,3.4
489,602.76,,,,,,,3.44
490,606.54,,,,,,,3.34
491,610.25,,,,,,,3.37
492,613.89,,,,,,,3.34
493,617.46,,,,,,,3.34
494,620.96,,,,,,,3.3
495,624.39,,,,,,,3.23
496,627.75,,,,,,,3.23
497,631.03,,,,,,,3.23
498,634.25,,,,,,,3.2
499,637.39,,,,,,,3.2
500,640.46,,,,,,,3.17
501,643.46,,,,,,,3.13
502,646.39,,,,,,,3.17
503,649.24,,,,,,,3.1
504,652.02,,,,,,,3.1
505,654.72,,,,,,,3.07
506,657.35,,,,,,,3.07
507,659.91,,,,,,,3.07
508,662.39,,,,,,,3.03
509,664.79,,,,,,,3
510,667.13,,,,,,,3.03
511,669.38,,,,,,,3
512,671.56,,,,,,,3
513,673.67,,,,,,,3
514,675.7,,,,,,,2.96
515,677.65,,,,,,,2.93
516,679.53,,,,,,,2.93
517,681.33,,,,,,,2.93
518,683.06,,,,,,,2.9
519,684.71,,,,,,,2.86
520,686.28,,,,,,,2.93
521,687.78,,,,,,,2.86
522,689.2,,,,,,,2.9
523,690.54,,,,,,,2.8
524,691.81,,,,,,,2.83
525,693,,,,,,,2.8
526,694.11,,,,,,,2.8
527,695.15,,,,,,,2.8
528,696.11,,,,,,,2.76
529,697,,,,,,,2.7
530,697.8,,,,,,,2.7
531,698.53,,,,,,,2.66
532,699.18,,,,,,,2.63
533,699.76,,,,,,,2.56
534,700.26,,,,,,,2.56
535,700.68,,,,,,,2.53
536,701.02,,,,,,,2.53
537,701.29,,,,,,,2.49
538,701.48,,,,,,,2.46
539,701.6,,,,,,,2.46
540,701.63,,,,,,,2.43
541,701.59,,,,,,,2.36
542,701.47,,,,,,,2.32
543,701.28,,,,,,,2.36
544,701.01,,,,,,,2.26
545,700.66,,,,,,,2.29
546,700.23,,,,,,,2.26
547,699.73,,,,,,,2.22
548,699.15,,,,,,,2.19
549,698.49,,,,,,,2.19
550,697.76,,,,,,,2.16
551,696.94,,,,,,,2.09
552,696.06,,,,,,,2.06
553,695.09,,,,,,,2.09
554,694.05,,,,,,,1.99
555,692.93,,,,,,,2.02
556,691.74,,,,,,,1.99
557,690.47,,,,,,,1.95
558,689.12,,,,,,,1.89
559,687.69,,,,,,,1.89
560,686.19,,,,,,,1.85
561,684.62,,,,,,,1.85
562,682.96,,,,,,,1.82
563,681.23,,,,,,,1.79
564,679.43,,,,,,,1.85
565,677.55,,,,,,,1.75
566,675.59,,,,,,,1.75
567,673.56,,,,,,,1.75
568,671.45,,,,,,,1.72
569,669.26,,,,,,,1.72
570,667.01,,,,,,,1.68
571,664.67,,,,,,,1.65
572,662.26,,,,,,,1.68
573,659.78,,,,,,,1.58
574,657.22,,,,,,,1.62
575,654.59,,,,,,,1.58
576,651.88,,,,,,,1.58
577,649.1,,,,,,,1.55
578,646.25,,,,,,,1.52
579,643.33,,,,,,,1.55
580,640.33,,,,,,,1.52
581,637.25,,,,,,,1.55
582,634.11,,,,,,,1.45
583,630.89,,,,,,,1.48
584,627.61,,,,,,,1.45
585,624.25,,,,,,,1.45
586,620.82,,,,,,,1.45
587,617.32,,,,,,,1.45
588,613.75,,,,,,,1.45
589,610.11,,,,,,,1.45
590,606.4,,,,,,,1.45
591,602.62,,,,,,,1.42
592,598.78,,,,,,,1.38
593,594.87,,,,,,,1.45
594,590.89,,,,,,,1.42
595,586.84,,,,,,,1.38
596,582.73,,,,,,,1.42
597,578.55,,,,,,,1.38
598,574.31,,,,,,,1.42
599,570.01,,,,,,,1.42
600,565.64,,,,,,,1.38
601,561.21,,,,,,,1.45
602,556.72,,,,,,,1.42
603,552.17,,,,,,,1.42
604,547.56,,,,,,,1.42
605,542.89,,,,,,,1.45
606,538.16,,,,,,,1.45
607,533.38,,,,,,,1.48
608,528.54,,,,,,,1.48
609,523.64,,,,,,,1.48
610,518.7,,,,,,,1.48
611,513.69,,,,,,,1.48
612,508.64,,,,,,,1.52
613,503.54,,,,,,,1.55
614,498.38,,,,,,,1.52
615,493.18,,,,,,,1.58
616,487.93,,,,,,,1.58
617,482.64,,,,,,,1.58
618,477.3,,,,,,,1.62
619,471.92,,,,,,,1.62
620,466.49,,,,,,,1.62
621,461.03,,,,,,,1.65
622,455.52,,,,,,,1.68
623,449.98,,,,,,,1.68
624,444.41,,,,,,,1.68
625,438.8,,,,,,,1.72
626,433.15,,,,,,,1.75
627,427.48,,,,,,,1.75
628,421.78,,,,,,,1.75
629,416.04,,,,,,,1.79
630,410.29,,,,,,,1.82
631,404.51,,,,,,,1.75
632,398.7,,,,,,,1.82
633,392.88,,,,,,,1.79
634,387.03,,,,,,,1.89
635,381.17,,,,,,,1.82
636,375.29,,,,,,,1.82
637,369.4,,,,,,,1.82
638,363.5,,,,,,,1.82
639,357.59,,,,,,,1.82
640,351.67,,,,,,,1.85
641,345.75,,,,,,,1.89
642,339.82,,,,,,,1.85
643,333.9,,,,,,,1.89
644,327.97,,,,,,,1.89
645,322.04,,,,,,,1.89
646,316.12,,,,,,,1.89
647,310.21,,,,,,,1.89
648,304.31,,,,,,,1.92
649,298.42,,,,,,,1.92
650,292.54,,,,,,,1.92
651,286.68,,,,,,,1.92
652,280.84,,,,,,,1.92
653,275.01,,,,,,,1.92
654,269.21,,,,,,,1.92
655,263.44,,,,,,,1.92
656,257.69,,,,,,,1.92
657,251.97,,,,,,,1.92
658,246.29,,,,,,,1.92
659,240.63,,,,,,,1.89
660,235.02,,,,,,,1.85
661,229.44,,,,,,,1.85
662,223.9,,,,,,,1.82
663,218.4,,,,,,,1.82
664,212.95,,,,,,,1.79
665,207.55,,,,,,,1.85
666,202.2,,,,,,,1.79
667,196.9,,,,,,,1.85
668,191.65,,,,,,,1.75
669,186.46,,,,,,,1.75
670,181.33,,,,,,,1.75
671,176.26,,,,,,,1.72
672,171.26,,,,,,,1.72
673,166.31,,,,,,,1.72
674,161.44,,,,,,,1.72
675,156.63,,,,,,,1.68
676,151.9,,,,,,,1.65
677,147.24,,,,,,,1.68
678,142.65,,,,,,,1.62
679,138.15,,,,,,,1.62
680,133.72,,,,,,,1.62
681,129.37,,,,,,,1.62
682,125.11,,,,,,,1.62
683,120.93,,,,,,,1.58
684,116.84,,,,,,,1.62
685,112.84,,,,,,,1.58
686,108.93,,,,,,,1.58
687,105.12,,,,,,,1.58
688,101.39,,,,,,,1.58
689,97.77,,,,,,,1.58
690,94.24,,,,,,,1.58
691,90.81,,,,,,,1.58
692,87.48,,,,,,,1.62
693,84.25,,,,,,,1.62
694,81.13,,,,,,,1.62
695,78.11,,,,,,,1.62
696,75.2,,,,,,,1.65
697,72.4,,,,,,,1.68
698,69.71,,,,,,,1.65
699,67.12,,,,,,,1.68
700,64.65,,,,,,,1.68
701,62.3,,,,,,,1.68
702,60.05,,,,,,,1.72
703,57.92,,,,,,,1.75
704,55.91,,,,,,,1.75
705,54.02,,,,,,,1.79
706,52.24,,,,,,,1.85
707,50.58,,,,,,,1.82
708,49.04,,,,,,,1.79
709,47.62,,,,,,,1.92
710,46.32,,,,,,,1.89
711,45.15,,,,,,,1.92
712,44.09,,,,,,,1.95
713,43.16,,,,,,,1.95
714,42.35,,,,,,,1.99
715,41.66,,,,,,,2.06
716,41.1,,,,,,,2.09
717,40.66,,,,,,,2.06
718,40.35,,,,,,,2.12
719,40.16,,,,,,,2.12
720,40.09,,,,,,,2.16
1,40.16,,,,,,9.66,1.92
2,40.34,,,,,,,1.92
3,40.65,,,,,,,1.92
4,41.09,,,,,,,1.89
5,41.65,,,,,,,1.79
6,42.33,,,,,,,1.82
7,43.14,,,,,,,1.68
8,44.07,,,,,,,1.62
9,45.12,,,,,,,1.55
10,46.29,,,,,,,1.48
11,47.59,,,,,,,1.42
12,49,,,,,,,1.31
13,50.54,,,,,,,1.28
14,52.19,,,,,,,1.18
15,53.97,,,,,,,1.18
16,55.86,,,,,,,1.15
17,57.87,,,,,,,1.08
18,60,,,,,,,1.08
19,62.24,,,,,,,1.08
20,64.59,,,,,,,1.08
21,67.06,,,,,,,1.11
22,69.64,,,,,,,1.11
23,72.33,,,,,,,1.11
24,75.13,,,,,,,1.08
25,78.04,,,,,,,1.04
26,81.06,,,,,,,1.01
27,84.18,,,,,,,1.01
28,87.4,,,,,,,1.01
29,90.73,,,,,,,1.01
30,94.16,,,,,,,1.01
31,97.68,,,,,,,1.01
32,101.31,,,,,,,1.01
33,105.03,,,,,,,1.04
34,108.85,,,,,,,1.08
35,112.76,,,,,,,1.08
36,116.75,,,,,,,1.04
37,120.84,,,,,,,1.08
38,125.02,,,,,,,1.08
39,129.28,,,,,,,1.08
40,133.63,,,,,,,1.08
41,138.05,,,,,,,1.08
42,142.56,,,,,,,1.08
43,147.15,,,,,,,1.08
44,151.81,,,,,,,1.08
45,156.54,,,,,,,1.11
46,161.35,,,,,,,1.11
47,166.22,,,,,,,1.15
48,171.16,,,,,,,1.08
49,176.17,,,,,,,1.11
50,181.24,,,,,,,1.15
51,186.37,,,,,,,1.11
52,191.56,,,,,,,1.15
53,196.81,,,,,,,1.11
54,202.11,,,,,,,1.15
55,207.46,,,,,,,1.08
56,212.87,,,,,,,1.11
57,218.32,,,,,,,1.15
58,223.81,,,,,,,1.11
59,229.35,,,,,,,1.15
60,234.93,,,,,,,1.11
61,240.55,,,,,,,1.15
62,246.21,,,,,,,1.11
63,251.9,,,,,,,1.15
64,257.62,,,,,,,1.11
65,263.37,,,,,,,1.15
66,269.14,,,,,,,1.11
67,274.95,,,,,,,1.15
68,280.77,,,,,,,1.11
69,286.62,,,,,,,1.15
70,292.48,,,,,,,1.11
71,298.36,,,,,,,1.15
72,304.25,,,,,,,1.11
73,310.16,,,,,,,1.15
74,316.07,,,,,,,1.11
75,322,,,,,,,1.15
76,327.92,,,,,,,1.11
77,333.85,,,,,,,1.15
78,339.78,,,,,,,1.11
79,345.71,,,,,,,1.15
80,351.64,,,,,,,1.11
81,357.56,,,,,,,1.18
82,363.48,,,,,,,1.15
83,369.38,,,,,,,1.11
84,375.27,,,,,,,1.18
85,381.15,,,,,,,1.15
86,387.02,,,,,,,1.11
87,392.87,,,,,,,1.15
88,398.69,,,,,,,1.11
89,404.5,,,,,,,1.18
90,410.29,,,,,,,1.15
91,416.05,,,,,,,1.15
92,421.78,,,,,,,1.11
93,427.49,,,,,,,1.15
94,433.17,,,,,,,1.11
95,438.81,,,,,,,1.15
96,444.43,,,,,,,1.11
97,450.01,,,,,,,1.18
98,455.55,,,,,,,1.15
99,461.06,,,,,,,1.11
100,466.52,,,,,,,1.15
101,471.95,,,,,,,1.15
102,477.34,,,,,,,1.15
103,482.68,,,,,,,1.15
104,487.98,,,,,,,1.15
105,493.23,,,,,,,1.15
106,498.43,,,,,,,1.15
107,503.59,,,,,,,1.18
108,508.7,,,,,,,1.18
109,513.75,,,,,,,1.21
110,518.76,,,,,,,1.21
111,523.71,,,,,,,1.21
112,528.6,,,,,,,1.21
113,533.45,,,,,,,1.21
114,538.23,,,,,,,1.21
115,542.96,,,,,,,1.21
116,547.63,,,,,,,1.21
117,552.25,,,,,,,1.25
118,556.8,,,,,,,1.25
119,561.29,,,,,,,1.28
120,565.72,,,,,,,1.21
121,570.09,,,,,,,1.25
122,574.4,,,,,,,1.28
123,578.64,,,,,,,1.21
124,582.82,,,,,,,1.25
125,586.93,,,,,,,1.28
126,590.98,,,,,,,1.25
127,594.96,,,,,,,1.31
128,598.87,,,,,,,1.28
129,602.72,,,,,,,1.25
130,606.49,,,,,,,1.31
131,610.2,,,,,,,1.28
132,613.84,,,,,,,1.25
133,617.41,,,,,,,1.35
134,620.91,,,,,,,1.28
135,624.34,,,,,,,1.25
136,627.7,,,,,,,1.38
137,630.99,,,,,,,1.35
138,634.2,,,,,,,1.31
139,637.35,,,,,,,1.31
140,640.42,,,,,,,1.31
141,643.42,,,,,,,1.31
142,646.34,,,,,,,1.35
143,649.19,,,,,,,1.31
144,651.97,,,,,,,1.35
145,654.68,,,,,,,1.35
146,657.31,,,,,,,1.35
147,659.86,,,,,,,1.35
148,662.35,,,,,,,1.35
149,664.75,,,,,,,1.35
150,667.09,,,,,,,1.35
151,669.34,,,,,,,1.35
152,671.52,,,,,,,1.35
153,673.63,,,,,,,1.38
154,675.66,,,,,,,1.42
155,677.62,,,,,,,1.38
156,679.5,,,,,,,1.45
157,681.3,,,,,,,1.45
158,683.03,,,,,,,1.42
159,684.68,,,,,,,1.38
160,686.25,,,,,,,1.42
161,687.75,,,,,,,1.42
162,689.17,,,,,,,1.38
163,690.52,,,,,,,1.45
164,691.79,,,,,,,1.45
165,692.98,,,,,,,1.45
166,694.09,,,,,,,1.45
167,695.13,,,,,,,1.45
168,696.09,,,,,,,1.48
169,696.98,,,,,,,1.45
170,697.79,,,,,,,1.48
171,698.52,,,,,,,1.48
172,699.17,,,,,,,1.48
173,699.75,,,,,,,1.48
174,700.25,,,,,,,1.48
175,700.67,,,,,,,1.48
176,701.02,,,,,,,1.48
177,701.29,,,,,,,1.48
178,701.48,,,,,,,1.48
179,701.59,,,,,,,1.48
180,701.63,,,,,,,1.52
181,701.59,,,,,,,1.55
182,701.48,,,,,,,1.48
183,701.28,,,,,,,1.52
184,701.01,,,,,,,1.55
185,700.66,,,,,,,1.52
186,700.24,,,,,,,1.55
187,699.74,,,,,,,1.48
188,699.16,,,,,,,1.55
189,698.5,,,,,,,1.52
190,697.77,,,,,,,1.58
191,696.96,,,,,,,1.55
192,696.07,,,,,,,1.52
193,695.11,,,,,,,1.58
194,694.07,,,,,,,1.55
195,692.95,,,,,,,1.52
196,691.76,,,,,,,1.58
197,690.49,,,,,,,1.58
198,689.14,,,,,,,1.58
199,687.72,,,,,,,1.58
200,686.22,,,,,,,1.58
201,684.65,,,,,,,1.58
202,682.99,,,,,,,1.58
203,681.27,,,,,,,1.58
204,679.46,,,,,,,1.58
205,677.58,,,,,,,1.62
206,675.63,,,,,,,1.58
207,673.59,,,,,,,1.62
208,671.49,,,,,,,1.58
209,669.3,,,,,,,1.65
210,667.05,,,,,,,1.65
211,664.71,,,,,,,1.65
212,662.3,,,,,,,1.68
213,659.82,,,,,,,1.65
214,657.27,,,,,,,1.68
215,654.63,,,,,,,1.65
216,651.93,,,,,,,1.72
217,649.15,,,,,,,1.72
218,646.3,,,,,,,1.72
219,643.37,,,,,,,1.72
220,640.37,,,,,,,1.72
221,637.3,,,,,,,1.72
222,634.16,,,,,,,1.75
223,630.94,,,,,,,1.75
224,627.65,,,,,,,1.75
225,624.29,,,,,,,1.75
226,620.87,,,,,,,1.79
227,617.36,,,,,,,1.82
228,613.79,,,,,,,1.75
229,610.16,,,,,,,1.82
230,606.45,,,,,,,1.79
231,602.67,,,,,,,1.89
232,598.82,,,,,,,1.82
233,594.91,,,,,,,1.82
234,590.93,,,,,,,1.82
235,586.89,,,,,,,1.85
236,582.77,,,,,,,1.89
237,578.6,,,,,,,1.89
238,574.36,,,,,,,1.89
239,570.05,,,,,,,1.92
240,565.68,,,,,,,1.95
241,561.25,,,,,,,1.95
242,556.76,,,,,,,1.95
243,552.21,,,,,,,1.95
244,547.6,,,,,,,2.02
245,542.93,,,,,,,2.02
246,538.2,,,,,,,2.06
247,533.41,,,,,,,2.09
248,528.57,,,,,,,2.06
249,523.68,,,,,,,2.16
250,518.73,,,,,,,2.12
251,513.72,,,,,,,2.19
252,508.67,,,,,,,2.22
253,503.56,,,,,,,2.22
254,498.41,,,,,,,2.22
255,493.2,,,,,,,2.22
256,487.95,,,,,,,2.26
257,482.66,,,,,,,2.32
258,477.32,,,,,,,2.36
259,471.93,,,,,,,2.32
260,466.51,,,,,,,2.46
261,461.04,,,,,,,2.43
262,455.54,,,,,,,2.43
263,450,,,,,,,2.46
264,444.42,,,,,,,2.53
265,438.81,,,,,,,2.56
266,433.16,,,,,,,2.59
267,427.49,,,,,,,2.66
268,421.78,,,,,,,2.7
269,416.05,,,,,,,2.7
270,410.29,,,,,,,2.73
271,404.5,,,,,,,2.83
272,398.7,,,,,,,2.83
273,392.87,,,,,,,2.9
274,387.02,,,,,,,2.93
275,381.16,,,,,,,3
276,375.28,,,,,,,3.03
277,369.39,,,,,,,3.07
278,363.49,,,,,,,3.17
279,357.58,,,,,,,3.17
280,351.66,,,,,,,3.23
281,345.73,,,,,,,3.34
282,339.8,,,,,,,3.4
283,333.87,,,,,,,3.5
284,327.95,,,,,,,3.5
285,322.02,,,,,,,3.6
286,316.1,,,,,,,3.67
287,310.19,,,,,,,3.77
288,304.28,,,,,,,3.84
289,298.39,,,,,,,3.91
290,292.51,,,,,,,4.04
291,286.65,,,,,,,4.11
292,280.8,,,,,,,4.21
293,274.98,,,,,,,4.35
294,269.18,,,,,,,4.45
295,263.4,,,,,,,4.55
296,257.65,,,,,,,4.68
297,251.93,,,,,,,4.82
298,246.25,,,,,,,4.92
299,240.59,,,,,,,5.05
300,234.97,,,,,,,5.15
301,229.4,,,,,,,5.36
302,223.86,,,,,,,5.53
303,218.36,,,,,,,5.69
304,212.91,,,,,,,5.86
305,207.51,,,,,,,6.03
306,202.16,,,,,,,6.27
307,196.86,,,,,,,6.4
308,191.61,,,,,,,6.64
309,186.42,,,,,,,6.94
310,181.29,,,,,,,7.11
311,176.22,,,,,,,7.41
312,171.21,,,,,,,7.61
313,166.27,,,,,,,7.88
314,161.39,,,,,,,8.19
315,156.59,,,,,,,8.56
316,151.85,,,,,,,8.83
317,147.19,,,,,,,9.13
318,142.61,,,,,,,9.53
319,138.1,,,,,,,9.94
320,133.67,,,,,,,10.34
321,129.33,,,,,,,10.81
322,125.07,,,,,,,11.29
323,120.89,,,,,,,11.72
324,116.8,,,,,,,12.16
325,112.8,,,,,,,12.74
326,108.89,,,,,,,13.31
327,105.07,,,,,,,13.95
328,101.35,,,,,,,14.55
329,97.72,,,,,,,15.23
330,94.2,,,,,,,15.97
331,90.77,,,,,,,16.64
332,87.44,,,,,,,17.45
333,84.21,,,,,,,18.26
334,81.09,,,,,,,19.14
335,78.08,,,,,,,20.05
336,75.17,,,,,,,21.09
337,72.37,,,,,,,22
338,69.67,,,,,,,23.15
339,67.09,,,,,,,24.19
340,64.62,,,,,,,25.27
341,62.27,,,,,,,26.45
342,60.03,,,,,,,27.69
343,57.9,,,,,,,28.87
344,55.89,,,,,,,30.19
345,53.99,,,,,,,31.47
346,52.22,,,,,,,32.48
347,50.56,,,,,,,33.52
348,49.02,,,,,,,34.63
349,47.6,,,,,,,35.71
350,46.31,,,,,,,36.99
351,45.13,,,,,,,37.97
352,44.08,,,,,,,38.85
353,43.15,,,,,,,39.69
354,42.34,,,,,,,41
355,41.66,,,,,,,43.77
356,41.09,,,,,,,48.68
357,40.66,,,,,,,54.95
358,40.35,,,,,,,61.69
359,40.16,,,,,,,67.52
360,40.09,,,,,,,75.64
361,40.15,,,,,,,72.91
362,40.34,,,,,,,69.98
363,40.65,,,,,,,74.86
364,41.08,,,,,,,75.64
365,41.64,,,,,,,75.03
366,42.32,,,,,,,71.53
367,43.12,,,,,,,73.65
368,44.05,,,,,,,75.57
369,45.1,,,,,,,71.93
370,46.27,,,,,,,68.33
371,47.57,,,,,,,68.83
372,48.98,,,,,,,69.57
373,50.52,,,,,,,65.02
374,52.17,,,,,,,60.88
375,53.95,,,,,,,60.31
376,55.84,,,,,,,60.11
377,57.85,,,,,,,58.32
378,59.97,,,,,,,54.24
379,62.21,,,,,,,51.18
380,64.56,,,,,,,50.5
381,67.03,,,,,,,49.86
382,69.61,,,,,,,47.94
383,72.3,,,,,,,44.91
384,75.1,,,,,,,42.35
385,78.01,,,,,,,40.83
386,81.02,,,,,,,39.99
387,84.14,,,,,,,39.12
388,87.36,,,,,,,37.3
389,90.69,,,,,,,35.14
390,94.12,,,,,,,33.15
391,97.64,,,,,,,31.77
392,101.27,,,,,,,30.9
393,104.99,,,,,,,30.22
394,108.8,,,,,,,29.04
395,112.71,,,,,,,27.56
396,116.71,,,,,,,26.04
397,120.8,,,,,,,24.93
398,124.97,,,,,,,24.09
399,129.24,,,,,,,23.48
400,133.58,,,,,,,22.71
401,138.01,,,,,,,21.8
402,142.51,,,,,,,20.82
403,147.1,,,,,,,19.88
404,151.76,,,,,,,19.07
405,156.49,,,,,,,18.46
406,161.3,,,,,,,17.99
407,166.17,,,,,,,17.42
408,171.12,,,,,,,16.91
409,176.12,,,,,,,16.1
410,181.19,,,,,,,15.53
411,186.33,,,,,,,14.93
412,191.52,,,,,,,14.49
413,196.76,,,,,,,14.05
414,202.07,,,,,,,13.71
415,207.42,,,,,,,13.31
416,212.82,,,,,,,12.87
417,218.28,,,,,,,12.4
418,223.77,,,,,,,11.96
419,229.31,,,,,,,11.66
420,234.89,,,,,,,11.25
421,240.51,,,,,,,10.98
422,246.17,,,,,,,10.71
423,251.86,,,,,,,10.44
424,257.58,,,,,,,10.14
425,263.33,,,,,,,9.94
426,269.11,,,,,,,9.57
427,274.91,,,,,,,9.33
428,280.74,,,,,,,9.1
429,286.59,,,,,,,8.79
430,292.45,,,,,,,8.69
431,298.33,,,,,,,8.42
432,304.23,,,,,,,8.25
433,310.13,,,,,,,8.09
434,316.05,,,,,,,7.85
435,321.97,,,,,,,7.65
436,327.9,,,,,,,7.48
437,333.83,,,,,,,7.24
438,339.77,,,,,,,7.11
439,345.7,,,,,,,7.01
440,351.62,,,,,,,6.84
441,357.55,,,,,,,6.7
442,363.46,,,,,,,6.57
443,369.37,,,,,,,6.44
444,375.26,,,,,,,6.3
445,381.14,,,,,,,6.13
446,387.01,,,,,,,6
447,392.86,,,,,,,5.9
448,398.69,,,,,,,5.83
449,404.5,,,,,,,5.76
450,410.29,,,,,,,5.66
451,416.05,,,,,,,5.49
452,421.79,,,,,,,5.46
453,427.49,,,,,,,5.32
454,433.17,,,,,,,5.22
455,438.82,,,,,,,5.12
456,444.44,,,,,,,5.05
457,450.02,,,,,,,4.95
458,455.56,,,,,,,4.95
459,461.07,,,,,,,4.85
460,466.54,,,,,,,4.75
461,471.97,,,,,,,4.72
462,477.35,,,,,,,4.62
463,482.7,,,,,,,4.58
464,488,,,,,,,4.48
465,493.25,,,,,,,4.48
466,498.46,,,,,,,4.41
467,503.61,,,,,,,4.35
468,508.72,,,,,,,4.31
469,513.78,,,,,,,4.21
470,518.79,,,,,,,4.18
471,523.74,,,,,,,4.11
472,528.64,,,,,,,4.04
473,533.48,,,,,,,3.98
474,538.27,,,,,,,3.94
475,543,,,,,,,3.98
476,547.67,,,,,,,3.84
477,552.29,,,,,,,3.81
478,556.84,,,,,,,3.84
479,561.33,,,,,,,3.74
480,565.76,,,,,,,3.74
481,570.13,,,,,,,3.67
482,574.44,,,,,,,3.67
483,578.68,,,,,,,3.64
484,582.86,,,,,,,3.57
485,586.97,,,,,,,3.54
486,591.02,,,,,,,3.54
487,595,,,,,,,3.5
488,598.91,,,,,,,3.44
489,602.76,,,,,,,3.4
490,606.54,,,,,,,3.44
491,610.25,,,,,,,3.34
492,613.89,,,,,,,3.37
493,617.46,,,,,,,3.34
494,620.96,,,,,,,3.3
495,624.39,,,,,,,3.27
496,627.75,,,,,,,3.3
497,631.03,,,,,,,3.2
498,634.25,,,,,,,3.2
499,637.39,,,,,,,3.2
500,640.46,,,,,,,3.17
501,643.46,,,,,,,3.13
502,646.39,,,,,,,3.17
503,649.24,,,,,,,3.1
504,652.02,,,,,,,3.07
505,654.72,,,,,,,3.07
506,657.35,,,,,,,3.07
507,659.91,,,,,,,3.07
508,662.39,,,,,,,3.03
509,664.79,,,,,,,3
510,667.13,,,,,,,3.03
511,669.38,,,,,,,2.96
512,671.56,,,,,,,2.96
513,673.67,,,,,,,2.93
514,675.7,,,,,,,2.96
515,677.65,,,,,,,2.93
516,679.53,,,,,,,2.93
517,681.33,,,,,,,2.93
518,683.06,,,,,,,2.9
519,684.71,,,,,,,2.83
520,686.28,,,,,,,2.86
521,687.78,,,,,,,2.9
522,689.2,,,,,,,2.8
523,690.54,,,,,,,2.83
524,691.81,,,,,,,2.8
525,693,,,,,,,2.8
526,694.11,,,,,,,2.76
527,695.15,,,,,,,2.73
528,696.11,,,,,,,2.73
529,697,,,,,,,2.7
530,697.8,,,,,,,2.63
531,698.53,,,,,,,2.59
532,699.18,,,,,,,2.63
533,699.76,,,,,,,2.53
534,700.26,,,,,,,2.53
535,700.68,,,,,,,2.49
536,701.02,,,,,,,2.46
537,701.29,,,,,,,2.43
538,701.48,,,,,,,2.39
539,701.6,,,,,,,2.36
540,701.63,,,,,,,2.29
541,701.59,,,,,,,2.32
542,701.47,,,,,,,2.32
543,701.28,,,,,,,2.26
544,701.01,,,,,,,2.19
545,700.66,,,,,,,2.19
546,700.23,,,,,,,2.16
547,699.73,,,,,,,2.09
548,699.15,,,,,,,2.02
549,698.49,,,,,,,1.99
550,697.76,,,,,,,1.99
551,696.94,,,,,,,1.95
552,696.06,,,,,,,1.89
553,695.09,,,,,,,1.89
554,694.05,,,,,,,1.85
555,692.93,,,,,,,1.82
556,691.74,,,,,,,1.79
557,690.47,,,,,,,1.82
558,689.12,,,,,,,1.72
559,687.69,,,,,,,1.72
560,686.19,,,,,,,1.68
561,684.62,,,,,,,1.65
562,682.96,,,,,,,1.65
563,681.23,,,,,,,1.65
564,679.43,,,,,,,1.58
565,677.55,,,,,,,1.55
566,675.59,,,,,,,1.48
567,673.56,,,,,,,1.48
568,671.45,,,,,,,1.45
569,669.26,,,,,,,1.45
570,667.01,,,,,,,1.45
571,664.67,,,,,,,1.42
572,662.26,,,,,,,1.35
573,659.78,,,,,,,1.31
574,657.22,,,,,,,1.35
575,654.59,,,,,,,1.28
576,651.88,,,,,,,1.25
577,649.1,,,,,,,1.31
578,646.25,,,,,,,1.28
579,643.33,,,,,,,1.21
580,640.33,,,,,,,1.25
581,637.25,,,,,,,1.25
582,634.11,,,,,,,1.25
583,630.89,,,,,,,1.21
584,627.61,,,,,,,1.18
585,624.25,,,,,,,1.18
586,620.82,,,,,,,1.18
587,617.32,,,,,,,1.15
588,613.75,,,,,,,1.15
589,610.11,,,,,,,1.11
590,606.4,,,,,,,1.15
591,602.62,,,,,,,1.11
592,598.78,,,,,,,1.15
593,594.87,,,,,,,1.11
594,590.89,,,,,,,1.15
595,586.84,,,,,,,1.08
596,582.73,,,,,,,1.11
597,578.55,,,,,,,1.15
598,574.31,,,,,,,1.11
599,570.01,,,,,,,1.15
600,565.64,,,,,,,1.11
601,561.21,,,,,,,1.15
602,556.72,,,,,,,1.11
603,552.17,,,,,,,1.15
604,547.56,,,,,,,1.11
605,542.89,,,,,,,1.18
606,538.16,,,,,,,1.18
607,533.38,,,,,,,1.18
608,528.54,,,,,,,1.21
609,523.64,,,,,,,1.21
610,518.7,,,,,,,1.21
611,513.69,,,,,,,1.25
612,508.64,,,,,,,1.28
613,503.54,,,,,,,1.21
614,498.38,,,,,,,1.28
615,493.18,,,,,,,1.25
616,487.93,,,,,,,1.35
617,482.64,,,,,,,1.31
618,477.3,,,,,,,1.31
619,471.92,,,,,,,1.35
620,466.49,,,,,,,1.35
621,461.03,,,,,,,1.38
622,455.52,,,,,,,1.45
623,449.98,,,,,,,1.42
624,444.41,,,,,,,1.42
625,438.8,,,,,,,1.42
626,433.15,,,,,,,1.45
627,427.48,,,,,,,1.48
628,421.78,,,,,,,1.48
629,416.04,,,,,,,1.52
630,410.29,,,,,,,1.55
631,404.51,,,,,,,1.52
632,398.7,,,,,,,1.58
633,392.88,,,,,,,1.55
634,387.03,,,,,,,1.55
635,381.17,,,,,,,1.55
636,375.29,,,,,,,1.55
637,369.4,,,,,,,1.55
638,363.5,,,,,,,1.55
639,357.59,,,,,,,1.58
640,351.67,,,,,,,1.58
641,345.75,,,,,,,1.62
642,339.82,,,,,,,1.62
643,333.9,,,,,,,1.62
644,327.97,,,,,,,1.62
645,322.04,,,,,,,1.62
646,316.12,,,,,,,1.62
647,310.21,,,,,,,1.62
648,304.31,,,,,,,1.62
649,298.42,,,,,,,1.65
650,292.54,,,,,,,1.65
651,286.68,,,,,,,1.65
652,280.84,,,,,,,1.62
653,275.01,,,,,,,1.58
654,269.21,,,,,,,1.58
655,263.44,,,,,,,1.58
656,257.69,,,,,,,1.58
657,251.97,,,,,,,1.55
658,246.29,,,,,,,1.52
659,240.63,,,,,,,1.58
660,235.02,,,,,,,1.52
661,229.44,,,,,,,1.55
662,223.9,,,,,,,1.45
663,218.4,,,,,,,1.48
664,212.95,,,,,,,1.45
665,207.55,,,,,,,1.45
666,202.2,,,,,,,1.45
667,196.9,,,,,,,1.45
668,191.65,,,,,,,1.42
669,186.46,,,,,,,1.38
670,181.33,,,,,,,1.38
671,176.26,,,,,,,1.38
672,171.26,,,,,,,1.38
673,166.31,,,,,,,1.35
674,161.44,,,,,,,1.31
675,156.63,,,,,,,1.31
676,151.9,,,,,,,1.31
677,147.24,,,,,,,1.31
678,142.65,,,,,,,1.28
679,138.15,,,,,,,1.25
680,133.72,,,,,,,1.35
681,129.37,,,,,,,1.25
682,125.11,,,,,,,1.31
683,120.93,,,,,,,1.25
684,116.84,,,,,,,1.31
685,112.84,,,,,,,1.28
686,108.93,,,,,,,1.25
687,105.12,,,,,,,1.35
688,101.39,,,,,,,1.28
689,97.77,,,,,,,1.28
690,94.24,,,,,,,1.31
691,90.81,,,,,,,1.31
692,87.48,,,,,,,1.35
693,84.25,,,,,,,1.35
694,81.13,,,,,,,1.38
695,78.11,,,,,,,1.42
696,75.2,,,,,,,1.38
697,72.4,,,,,,,1.42
698,69.71,,,,,,,1.42
699,67.12,,,,,,,1.42
700,64.65,,,,,,,1.45
701,62.3,,,,,,,1.48
702,60.05,,,,,,,1.48
703,57.92,,,,,,,1.48
704,55.91,,,,,,,1.52
705,54.02,,,,,,,1.58
706,52.24,,,,,,,1.58
707,50.58,,,,,,,1.58
708,49.04,,,,,,,1.62
709,47.62,,,,,,,1.62
710,46.32,,,,,,,1.65
711,45.15,,,,,,,1.72
712,44.09,,,,,,,1.72
713,43.16,,,,,,,1.75
714,42.35,,,,,,,1.79
715,41.66,,,,,,,1.89
716,41.1,,,,,,,1.82
717,40.66,,,,,,,1.85
718,40.35,,,,,,,1.89
719,40.16,,,,,,,1.89
720,40.09,,,,,,,1.89
1,40.16,,,,,,13.52,2.09
2,40.34,,,,,,,2.06
3,40.65,,,,,,,2.09
4,41.09,,,,,,,1.99
5,41.65,,,,,,,1.99
6,42.33,,,,,,,1.92
7,43.14,,,,,,,1.89
8,44.07,,,,,,,1.79
9,45.12,,,,,,,1.75
10,46.29,,,,,,,1.65
11,47.59,,,,,,,1.58
12,49,,,,,,,1.48
13,50.54,,,,,,,1.38
14,52.19,,,,,,,1.31
15,53.97,,,,,,,1.25
16,55.86,,,,,,,1.25
17,57.87,,,,,,,1.21
18,60,,,,,,,1.15
19,62.24,,,,,,,1.15
20,64.59,,,,,,,1.15
21,67.06,,,,,,,1.15
22,69.64,,,,,,,1.15
23,72.33,,,,,,,1.15
24,75.13,,,,,,,1.15
25,78.04,,,,,,,1.11
26,81.06,,,,,,,1.15
27,84.18,,,,,,,1.08
28,87.4,,,,,,,1.08
29,90.73,,,,,,,1.11
30,94.16,,,,,,,1.15
31,97.68,,,,,,,1.15
32,101.31,,,,,,,1.15
33,105.03,,,,,,,1.15
34,108.85,,,,,,,1.15
35,112.76,,,,,,,1.15
36,116.75,,,,,,,1.15
37,120.84,,,,,,,1.15
38,125.02,,,,,,,1.18
39,129.28,,,,,,,1.21
40,133.63,,,,,,,1.18
41,138.05,,,,,,,1.21
42,142.56,,,,,,,1.21
43,147.15,,,,,,,1.21
44,151.81,,,,,,,1.21
45,156.54,,,,,,,1.21
46,161.35,,,,,,,1.21
47,166.22,,,,,,,1.21
48,171.16,,,,,,,1.21
49,176.17,,,,,,,1.25
50,181.24,,,,,,,1.25
51,186.37,,,,,,,1.25
52,191.56,,,,,,,1.25
53,196.81,,,,,,,1.25
54,202.11,,,,,,,1.25
55,207.46,,,,,,,1.25
56,212.87,,,,,,,1.25
57,218.32,,,,,,,1.25
58,223.81,,,,,,,1.25
59,229.35,,,,,,,1.25
60,234.93,,,,,,,1.25
61,240.55,,,,,,,1.25
62,246.21,,,,,,,1.25
63,251.9,,,,,,,1.25
64,257.62,,,,,,,1.25
65,263.37,,,,,,,1.25
66,269.14,,,,,,,1.25
67,274.95,,,,,,,1.25
68,280.77,,,,,,,1.28
69,286.62,,,,,,,1.18
70,292.48,,,,,,,1.25
71,298.36,,,,,,,1.25
72,304.25,,,,,,,1.25
73,310.16,,,,,,,1.25
74,316.07,,,,,,,1.25
75,322,,,,,,,1.28
76,327.92,,,,,,,1.18
77,333.85,,,,,,,1.25
78,339.78,,,,,,,1.28
79,345.71,,,,,,,1.18
80,351.64,,,,,,,1.25
81,357.56,,,,,,,1.28
82,363.48,,,,,,,1.18
83,369.38,,,,,,,1.25
84,375.27,,,,,,,1.28
85,381.15,,,,,,,1.21
86,387.02,,,,,,,1.25
87,392.87,,,,,,,1.28
88,398.69,,,,,,,1.21
89,404.5,,,,,,,1.25
90,410.29,,,,,,,1.28
91,416.05,,,,,,,1.18
92,421.78,,,,,,,1.25
93,427.49,,,,,,,1.25
94,433.17,,,,,,,1.28
95,438.81,,,,,,,1.18
96,444.43,,,,,,,1.25
97,450.01,,,,,,,1.25
98,455.55,,,,,,,1.28
99,461.06,,,,,,,1.18
100,466.52,,,,,,,1.25
101,471.95,,,,,,,1.31
102,477.34,,,,,,,1.25
103,482.68,,,,,,,1.31
104,487.98,,,,,,,1.25
105,493.23,,,,,,,1.31
106,498.43,,,,,,,1.28
107,503.59,,,,,,,1.25
108,508.7,,,,,,,1.31
109,513.75,,,,,,,1.28
110,518.76,,,,,,,1.25
111,523.71,,,,,,,1.35
112,528.6,,,,,,,1.28
113,533.45,,,,,,,1.28
114,538.23,,,,,,,1.28
115,542.96,,,,,,,1.28
116,547.63,,,,,,,1.28
117,552.25,,,,,,,1.31
118,556.8,,,,,,,1.35
119,561.29,,,,,,,1.31
120,565.72,,,,,,,1.35
121,570.09,,,,,,,1.35
122,574.4,,,,,,,1.31
123,578.64,,,,,,,1.35
124,582.82,,,,,,,1.35
125,586.93,,,,,,,1.35
126,590.98,,,,,,,1.38
127,594.96,,,,,,,1.42
128,598.87,,,,,,,1.38
129,602.72,,,,,,,1.42
130,606.49,,,,,,,1.35
131,610.2,,,,,,,1.35
132,613.84,,,,,,,1.38
133,617.41,,,,,,,1.42
134,620.91,,,,,,,1.38
135,624.34,,,,,,,1.45
136,627.7,,,,,,,1.45
137,630.99,,,,,,,1.45
138,634.2,,,,,,,1.45
139,637.35,,,,,,,1.45
140,640.42,,,,,,,1.45
141,643.42,,,,,,,1.45
142,646.34,,,,,,,1.45
143,649.19,,,,,,,1.45
144,651.97,,,,,,,1.45
145,654.68,,,,,,,1.48
146,657.31,,,,,,,1.45
147,659.86,,,,,,,1.48
148,662.35,,,,,,,1.45
149,664.75,,,,,,,1.48
150,667.09,,,,,,,1.48
151,669.34,,,,,,,1.48
152,671.52,,,,,,,1.52
153,673.63,,,,,,,1.55
154,675.66,,,,,,,1.48
155,677.62,,,,,,,1.48
156,679.5,,,,,,,1.48
157,681.3,,,,,,,1.52
158,683.03,,,,,,,1.55
159,684.68,,,,,,,1.48
160,686.25,,,,,,,1.52
161,687.75,,,,,,,1.58
162,689.17,,,,,,,1.55
163,690.52,,,,,,,1.52
164,691.79,,,,,,,1.58
165,692.98,,,,,,,1.58
166,694.09,,,,,,,1.55
167,695.13,,,,,,,1.55
168,696.09,,,,,,,1.55
169,696.98,,,,,,,1.55
170,697.79,,,,,,,1.55
171,698.52,,,,,,,1.55
172,699.17,,,,,,,1.58
173,699.75,,,,,,,1.62
174,700.25,,,,,,,1.58
175,700.67,,,,,,,1.58
176,701.02,,,,,,,1.58
177,701.29,,,,,,,1.58
178,701.48,,,,,,,1.62
179,701.59,,,,,,,1.58
180,701.63,,,,,,,1.62
181,701.59,,,,,,,1.58
182,701.48,,,,,,,1.62
183,701.28,,,,,,,1.62
184,701.01,,,,,,,1.62
185,700.66,,,,,,,1.62
186,700.24,,,,,,,1.62
187,699.74,,,,,,,1.62
188,699.16,,,,,,,1.65
189,698.5,,,,,,,1.68
190,697.77,,,,,,,1.62
191,696.96,,,,,,,1.65
192,696.07,,,,,,,1.68
193,695.11,,,,,,,1.65
194,694.07,,,,,,,1.68
195,692.95,,,,,,,1.65
196,691.76,,,,,,,1.68
197,690.49,,,,,,,1.65
198,689.14,,,,,,,1.72
199,687.72,,,,,,,1.68
200,686.22,,,,,,,1.68
201,684.65,,,,,,,1.68
202,682.99,,,,,,,1.65
203,681.27,,,,,,,1.72
204,679.46,,,,,,,1.72
205,677.58,,,,,,,1.72
206,675.63,,,,,,,1.72
207,673.59,,,,,,,1.72
208,671.49,,,,,,,1.75
209,669.3,,,,,,,1.75
210,667.05,,,,,,,1.75
211,664.71,,,,,,,1.75
212,662.3,,,,,,,1.75
213,659.82,,,,,,,1.75
214,657.27,,,,,,,1.75
215,654.63,,,,,,,1.79
216,651.93,,,,,,,1.82
217,649.15,,,,,,,1.75
218,646.3,,,,,,,1.82
219,643.37,,,,,,,1.79
220,640.37,,,,,,,1.85
221,637.3,,,,,,,1.82
222,634.16,,,,,,,1.79
223,630.94,,,,,,,1.89
224,627.65,,,,,,,1.85
225,624.29,,,,,,,1.85
226,620.87,,,,,,,1.85
227,617.36,,,,,,,1.85
228,613.79,,,,,,,1.89
229,610.16,,,,,,,1.89
230,606.45,,,,,,,1.89
231,602.67,,,,,,,1.92
232,598.82,,,,,,,1.95
233,594.91,,,,,,,1.92
234,590.93,,,,,,,1.99
235,586.89,,,,,,,1.99
236,582.77,,,,,,,1.99
237,578.6,,,,,,,2.02
238,574.36,,,,,,,2.02
239,570.05,,,,,,,2.06
240,565.68,,,,,,,2.09
241,561.25,,,,,,,2.06
242,556.76,,,,,,,2.12
243,552.21,,,,,,,2.12
244,547.6,,,,,,,2.16
245,542.93,,,,,,,2.12
246,538.2,,,,,,,2.19
247,533.41,,,,,,,2.22
248,528.57,,,,,,,2.22
249,523.68,,,,,,,2.22
250,518.73,,,,,,,2.22
251,513.72,,,,,,,2.26
252,508.67,,,,,,,2.32
253,503.56,,,,,,,2.36
254,498.41,,,,,,,2.32
255,493.2,,,,,,,2.43
256,487.95,,,,,,,2.36
257,482.66,,,,,,,2.39
258,477.32,,,,,,,2.46
259,471.93,,,,,,,2.49
260,466.51,,,,,,,2.49
261,461.04,,,,,,,2.53
262,455.54,,,,,,,2.63
263,450,,,,,,,2.59
264,444.42,,,,,,,2.66
265,438.81,,,,,,,2.66
266,433.16,,,,,,,2.7
267,427.49,,,,,,,2.73
268,421.78,,,,,,,2.83
269,416.05,,,,,,,2.83
270,410.29,,,,,,,2.9
271,404.5,,,,,,,2.86
272,398.7,,,,,,,3
273,392.87,,,,,,,3.03
274,387.02,,,,,,,3.03
275,381.16,,,,,,,3.07
276,375.28,,,,,,,3.17
277,369.39,,,,,,,3.2
278,363.49,,,,,,,3.27
279,357.58,,,,,,,3.37
280,351.66,,,,,,,3.4
281,345.73,,,,,,,3.47
282,339.8,,,,,,,3.5
283,333.87,,,,,,,3.57
284,327.95,,,,,,,3.64
285,322.02,,,,,,,3.74
286,316.1,,,,,,,3.81
287,310.19,,,,,,,3.91
288,304.28,,,,,,,3.98
289,298.39,,,,,,,4.01
290,292.51,,,,,,,4.14
291,286.65,,,,,,,4.25
292,280.8,,,,,,,4.31
293,274.98,,,,,,,4.45
294,269.18,,,,,,,4.58
295,263.4,,,,,,,4.68
296,257.65,,,,,,,4.82
297,251.93,,,,,,,4.95
298,246.25,,,,,,,5.09
299,240.59,,,,,,,5.19
300,234.97,,,,,,,5.32
301,229.4,,,,,,,5.46
302,223.86,,,,,,,5.66
303,218.36,,,,,,,5.79
304,212.91,,,,,,,6
305,207.51,,,,,,,6.17
306,202.16,,,,,,,6.37
307,196.86,,,,,,,6.6
308,191.61,,,,,,,6.81
309,186.42,,,,,,,7.01
310,181.29,,,,,,,7.24
311,176.22,,,,,,,7.51
312,171.21,,,,,,,7.78
313,166.27,,,,,,,8.05
314,161.39,,,,,,,8.36
315,156.59,,,,,,,8.63
316,151.85,,,,,,,8.96
317,147.19,,,,,,,9.3
318,142.61,,,,,,,9.7
319,138.1,,,,,,,10.07
320,133.67,,,,,,,10.48
321,129.33,,,,,,,10.88
322,125.07,,,,,,,11.39
323,120.89,,,,,,,11.83
324,116.8,,,,,,,12.4
325,112.8,,,,,,,12.9
326,108.89,,,,,,,13.44
327,105.07,,,,,,,14.08
328,101.35,,,,,,,14.72
329,97.72,,,,,,,15.46
330,94.2,,,,,,,16.07
331,90.77,,,,,,,16.81
332,87.44,,,,,,,17.65
333,84.21,,,,,,,18.43
334,81.09,,,,,,,19.37
335,78.08,,,,,,,20.25
336,75.17,,,,,,,21.23
337,72.37,,,,,,,22.14
338,69.67,,,,,,,23.21
339,67.09,,,,,,,24.33
340,64.62,,,,,,,25.44
341,62.27,,,,,,,26.65
342,60.03,,,,,,,27.83
343,57.9,,,,,,,29.01
344,55.89,,,,,,,30.36
345,53.99,,,,,,,31.6
346,52.22,,,,,,,32.78
347,50.56,,,,,,,33.89
348,49.02,,,,,,,34.94
349,47.6,,,,,,,36.05
350,46.31,,,,,,,36.99
351,45.13,,,,,,,38.1
352,44.08,,,,,,,39.15
353,43.15,,,,,,,40.33
354,42.34,,,,,,,42.69
355,41.66,,,,,,,46.97
356,41.09,,,,,,,53.27
357,40.66,,,,,,,58.83
358,40.35,,,,,,,68.16
359,40.16,,,,,,,70.72
360,40.09,,,,,,,73.51
361,40.15,,,,,,,71.26
362,40.34,,,,,,,75.64
363,40.65,,,,,,,75.64
364,41.08,,,,,,,75.1
365,41.64,,,,,,,75.64
366,42.32,,,,,,,75.64
367,43.12,,,,,,,75.64
368,44.05,,,,,,,74.09
369,45.1,,,,,,,75.44
370,46.27,,,,,,,74.32
371,47.57,,,,,,,70.99
372,48.98,,,,,,,68.97
373,50.52,,,,,,,68.33
374,52.17,,,,,,,66.88
375,53.95,,,,,,,64.52
376,55.84,,,,,,,61.12
377,57.85,,,,,,,59.84
378,59.97,,,,,,,59.36
379,62.21,,,,,,,56.06
380,64.56,,,,,,,52.96
381,67.03,,,,,,,51.14
382,69.61,,,,,,,49.56
383,72.3,,,,,,,48.72
384,75.1,,,,,,,46.33
385,78.01,,,,,,,43.83
386,81.02,,,,,,,42.08
387,84.14,,,,,,,40.63
388,87.36,,,,,,,39.69
389,90.69,,,,,,,37.87
390,94.12,,,,,,,36.22
391,97.64,,,,,,,34.26
392,101.27,,,,,,,33.05
393,104.99,,,,,,,31.91
394,108.8,,,,,,,30.93
395,112.71,,,,,,,29.61
396,116.71,,,,,,,28.4
397,120.8,,,,,,,27.02
398,124.97,,,,,,,26.01
399,129.24,,,,,,,25.1
400,133.58,,,,,,,24.36
401,138.01,,,,,,,23.52
402,142.51,,,,,,,22.71
403,147.1,,,,,,,21.7
404,151.76,,,,,,,20.89
405,156.49,,,,,,,20.05
406,161.3,,,,,,,19.51
407,166.17,,,,,,,18.9
408,171.12,,,,,,,18.4
409,176.12,,,,,,,17.69
410,181.19,,,,,,,17.08
411,186.33,,,,,,,16.41
412,191.52,,,,,,,15.83
413,196.76,,,,,,,15.4
414,202.07,,,,,,,14.99
415,207.42,,,,,,,14.62
416,212.82,,,,,,,14.12
417,218.28,,,,,,,13.71
418,223.77,,,,,,,13.21
419,229.31,,,,,,,12.84
420,234.89,,,,,,,12.5
421,240.51,,,,,,,12.2
422,246.17,,,,,,,11.83
423,251.86,,,,,,,11.56
424,257.58,,,,,,,11.25
425,263.33,,,,,,,10.88
426,269.11,,,,,,,10.65
427,274.91,,,,,,,10.31
428,280.74,,,,,,,10.04
429,286.59,,,,,,,9.8
430,292.45,,,,,,,9.64
431,298.33,,,,,,,9.37
432,304.23,,,,,,,9.13
433,310.13,,,,,,,8.96
434,316.05,,,,,,,8.69
435,321.97,,,,,,,8.49
436,327.9,,,,,,,8.32
437,333.83,,,,,,,8.12
438,339.77,,,,,,,8.02
439,345.7,,,,,,,7.78
440,351.62,,,,,,,7.65
441,357.55,,,,,,,7.51
442,363.46,,,,,,,7.34
443,369.37,,,,,,,7.18
444,375.26,,,,,,,7.11
445,381.14,,,,,,,6.94
446,387.01,,,,,,,6.77
447,392.86,,,,,,,6.67
448,398.69,,,,,,,6.54
449,404.5,,,,,,,6.44
450,410.29,,,,,,,6.33
451,416.05,,,,,,,6.2
452,421.79,,,,,,,6.1
453,427.49,,,,,,,6.03
454,433.17,,,,,,,5.93
455,438.82,,,,,,,5.83
456,444.44,,,,,,,5.76
457,450.02,,,,,,,5.66
458,455.56,,,,,,,5.56
459,461.07,,,,,,,5.53
460,466.54,,,,,,,5.39
461,471.97,,,,,,,5.32
462,477.35,,,,,,,5.22
463,482.7,,,,,,,5.19
464,488,,,,,,,5.05
465,493.25,,,,,,,4.99
466,498.46,,,,,,,4.99
467,503.61,,,,,,,4.92
468,508.72,,,,,,,4.82
469,513.78,,,,,,,4.78
470,518.79,,,,,,,4.68
471,523.74,,,,,,,4.65
472,528.64,,,,,,,4.58
473,533.48,,,,,,,4.55
474,538.27,,,,,,,4.51
475,543,,,,,,,4.41
476,547.67,,,,,,,4.41
477,552.29,,,,,,,4.38
478,556.84,,,,,,,4.31
479,561.33,,,,,,,4.28
480,565.76,,,,,,,4.25
481,570.13,,,,,,,4.14
482,574.44,,,,,,,4.14
483,578.68,,,,,,,4.11
484,582.86,,,,,,,4.04
485,586.97,,,,,,,4.01
486,591.02,,,,,,,4.01
487,595,,,,,,,3.94
488,598.91,,,,,,,3.98
489,602.76,,,,,,,3.87
490,606.54,,,,,,,3.87
491,610.25,,,,,,,3.87
492,613.89,,,,,,,3.84
493,617.46,,,,,,,3.77
494,620.96,,,,,,,3.74
495,624.39,,,,,,,3.74
496,627.75,,,,,,,3.74
497,631.03,,,,,,,3.71
498,634.25,,,,,,,3.64
499,637.39,,,,,,,3.6
500,640.46,,,,,,,3.64
501,643.46,,,,,,,3.6
502,646.39,,,,,,,3.57
503,649.24,,,,,,,3.5
504,652.02,,,,,,,3.54
505,654.72,,,,,,,3.54
506,657.35,,,,,,,3.5
507,659.91,,,,,,,3.47
508,662.39,,,,,,,3.47
509,664.79,,,,,,,3.44
510,667.13,,,,,,,3.4
511,669.38,,,,,,,3.47
512,671.56,,,,,,,3.4
513,673.67,,,,,,,3.44
514,675.7,,,,,,,3.34
515,677.65,,,,,,,3.37
516,679.53,,,,,,,3.34
517,681.33,,,,,,,3.37
518,683.06,,,,,,,3.34
519,684.71,,,,,,,3.34
520,686.28,,,,,,,3.3
521,687.78,,,,,,,3.23
522,689.2,,,,,,,3.23
523,690.54,,,,,,,3.2
524,691.81,,,,,,,3.2
525,693,,,,,,,3.17
526,694.11,,,,,,,3.1
527,695.15,,,,,,,3.1
528,696.11,,,,,,,3.07
529,697,,,,,,,3.07
530,697.8,,,,,,,3
531,698.53,,,,,,,3
532,699.18,,,,,,,2.93
533,699.76,,,,,,,2.9
534,700.26,,,,,,,2.83
535,700.68,,,,,,,2.83
536,701.02,,,,,,,2.8
537,701.29,,,,,,,2.76
538,701.48,,,,,,,2.7
539,701.6,,,,,,,2.66
540,701.63,,,,,,,2.63
541,701.59,,,,,,,2.53
542,701.47,,,,,,,2.53
543,701.28,,,,,,,2.49
544,701.01,,,,,,,2.43
545,700.66,,,,,,,2.39
546,700.23,,,,,,,2.36
547,699.73,,,,,,,2.26
548,699.15,,,,,,,2.29
549,698.49,,,,,,,2.22
550,697.76,,,,,,,2.19
551,696.94,,,,,,,2.16
552,696.06,,,,,,,2.09
553,695.09,,,,,,,2.02
554,694.05,,,,,,,2.02
555,692.93,,,,,,,1.99
556,691.74,,,,,,,1.95
557,690.47,,,,,,,1.85
558,689.12,,,,,,,1.85
559,687.69,,,,,,,1.82
560,686.19,,,,,,,1.75
561,684.62,,,,,,,1.75
562,682.96,,,,,,,1.72
563,681.23,,,,,,,1.68
564,679.43,,,,,,,1.62
565,677.55,,,,,,,1.62
566,675.59,,,,,,,1.58
567,673.56,,,,,,,1.58
568,671.45,,,,,,,1.55
569,669.26,,,,,,,1.48
570,667.01,,,,,,,1.45
571,664.67,,,,,,,1.45
572,662.26,,,,,,,1.45
573,659.78,,,,,,,1.38
574,657.22,,,,,,,1.38
575,654.59,,,,,,,1.35
576,651.88,,,,,,,1.31
577,649.1,,,,,,,1.31
578,646.25,,,,,,,1.28
579,643.33,,,,,,,1.25
580,640.33,,,,,,,1.31
581,637.25,,,,,,,1.25
582,634.11,,,,,,,1.25
583,630.89,,,,,,,1.25
584,627.61,,,,,,,1.25
585,624.25,,,,,,,1.25
586,620.82,,,,,,,1.25
587,617.32,,,,,,,1.21
588,613.75,,,,,,,1.18
589,610.11,,,,,,,1.18
590,606.4,,,,,,,1.18
591,602.62,,,,,,,1.18
592,598.78,,,,,,,1.18
593,594.87,,,,,,,1.18
594,590.89,,,,,,,1.18
595,586.84,,,,,,,1.18
596,582.73,,,,,,,1.18
597,578.55,,,,,,,1.18
598,574.31,,,,,,,1.18
599,570.01,,,,,,,1.21
600,565.64,,,,,,,1.18
601,561.21,,,,,,,1.25
602,556.72,,,,,,,1.25
603,552.17,,,,,,,1.28
604,547.56,,,,,,,1.21
605,542.89,,,,,,,1.25
606,538.16,,,,,,,1.31
607,533.38,,,,,,,1.28
608,528.54,,,,,,,1.25
609,523.64,,,,,,,1.38
610,518.7,,,,,,,1.38
611,513.69,,,,,,,1.38
612,508.64,,,,,,,1.42
613,503.54,,,,,,,1.38
614,498.38,,,,,,,1.45
615,493.18,,,,,,,1.45
616,487.93,,,,,,,1.45
617,482.64,,,,,,,1.48
618,477.3,,,,,,,1.48
619,471.92,,,,,,,1.52
620,466.49,,,,,,,1.55
621,461.03,,,,,,,1.52
622,455.52,,,,,,,1.58
623,449.98,,,,,,,1.58
624,444.41,,,,,,,1.58
625,438.8,,,,,,,1.62
626,433.15,,,,,,,1.62
627,427.48,,,,,,,1.62
628,421.78,,,,,,,1.62
629,416.04,,,,,,,1.62
630,410.29,,,,,,,1.65
631,404.51,,,,,,,1.68
632,398.7,,,,,,,1.65
633,392.88,,,,,,,1.68
634,387.03,,,,,,,1.65
635,381.17,,,,,,,1.68
636,375.29,,,,,,,1.65
637,369.4,,,,,,,1.72
638,363.5,,,,,,,1.68
639,357.59,,,,,,,1.68
640,351.67,,,,,,,1.68
641,345.75,,,,,,,1.68
642,339.82,,,,,,,1.65
643,333.9,,,,,,,1.72
644,327.97,,,,,,,1.68
645,322.04,,,,,,,1.65
646,316.12,,,,,,,1.68
647,310.21,,,,,,,1.65
648,304.31,,,,,,,1.68
649,298.42,,,,,,,1.62
650,292.54,,,,,,,1.62
651,286.68,,,,,,,1.58
652,280.84,,,,,,,1.58
653,275.01,,,,,,,1.58
654,269.21,,,,,,,1.58
655,263.44,,,,,,,1.55
656,257.69,,,,,,,1.48
657,251.97,,,,,,,1.52
658,246.29,,,,,,,1.52
659,240.63,,,,,,,1.52
660,235.02,,,,,,,1.52
661,229.44,,,,,,,1.48
662,223.9,,,,,,,1.45
663,218.4,,,,,,,1.45
664,212.95,,,,,,,1.42
665,207.55,,,,,,,1.38
666,202.2,,,,,,,1.42
667,196.9,,,,,,,1.35
668,191.65,,,,,,,1.35
669,186.46,,,,,,,1.35
670,181.33,,,,,,,1.31
671,176.26,,,,,,,1.35
672,171.26,,,,,,,1.31
673,166.31,,,,,,,1.35
674,161.44,,,,,,,1.31
675,156.63,,,,,,,1.31
676,151.9,,,,,,,1.35
677,147.24,,,,,,,1.35
678,142.65,,,,,,,1.35
679,138.15,,,,,,,1.35
680,133.72,,,,,,,1.38
681,129.37,,,,,,,1.42
682,125.11,,,,,,,1.38
683,120.93,,,,,,,1.42
684,116.84,,,,,,,1.42
685,112.84,,,,,,,1.42
686,108.93,,,,,,,1.42
687,105.12,,,,,,,1.45
688,101.39,,,,,,,1.48
689,97.77,,,,,,,1.48
690,94.24,,,,,,,1.48
691,90.81,,,,,,,1.52
692,87.48,,,,,,,1.55
693,84.25,,,,,,,1.52
694,81.13,,,,,,,1.58
695,78.11,,,,,,,1.58
696,75.2,,,,,,,1.58
697,72.4,,,,,,,1.58
698,69.71,,,,,,,1.62
699,67.12,,,,,,,1.62
700,64.65,,,,,,,1.65
701,62.3,,,,,,,1.68
702,60.05,,,,,,,1.65
703,57.92,,,,,,,1.72
704,55.91,,,,,,,1.72
705,54.02,,,,,,,1.75
706,52.24,,,,,,,1.75
707,50.58,,,,,,,1.75
708,49.04,,,,,,,1.79
709,47.62,,,,,,,1.85
710,46.32,,,,,,,1.82
711,45.15,,,,,,,1.79
712,44.09,,,,,,,1.92
713,43.16,,,,,,,1.95
714,42.35,,,,,,,1.92
715,41.66,,,,,,,1.99
716,41.1,,,,,,,2.02
717,40.66,,,,,,,2.02
718,40.35,,,,,,,2.06
719,40.16,,,,,,,2.12
720,40.09,,,,,,,2.09