fuel,fuel1,fuel2,brake power ,heat power ,efficiency,mass_of_fuel1,mass_of_fuel2,total,,,,,,"For Fuel 1 amount = 28.18, Fuel 2 amount = 2.818, Brake power = 5.2, Heat Input = 17.369586521333332, Efficiency=29.93738505872525"
BUTANOL 10,28.18,2.818,4.16,17.36958652,23.94990805,0.0004499406667,0.00003811814667,0.0004880588133,,,,,,
,41.24,4.124,4.16,25.41950845,16.36538334,0.0006584653333,0.00005578397333,0.0007142493067,,,,,,
,33.83,3.383,4.16,20.85213314,19.9499973,0.0005401523333,0.00004576071333,0.0005859130467,,,,,,
,35.945,3.5945,4.16,22.1557767,18.77614157,0.0005739218333,0.00004862160333,0.0006225434367,,,,,,
,30.807,3.0807,4.16,18.98881661,21.90763167,0.0004918851,0.000041671602,0.000533556702,,,,,,
,33.264,3.3264,4.16,20.5032621,20.28945433,0.0005311152,0.000044995104,0.000576110304,,,,,,
,29.072,2.9072,4.16,17.91939742,23.21506634,0.0004641829333,0.00003932472533,0.0005035076587,,,,,,
,32.508,3.2508,4.16,20.03727887,20.7613021,0.0005190444,0.000043972488,0.000563016888,,,,,,
,,,,,,0,0,0,,,,,,
DIESEL,41.24,0,4.16,24.5378,16.95343511,0.00057736,0,0.00057736,,,,,,
,33.83,0,4.16,20.12885,20.66685379,0.00047362,0,0.00047362,,,,,,
,35.945,0,4.16,21.387275,19.4508183,0.00050323,0,0.00050323,,,,,,
,30.807,0,4.16,18.330165,22.69483117,0.000431298,0,0.000431298,,,,,,
,33.264,0,4.16,19.79208,21.01850841,0.000465696,0,0.000465696,,,,,,
,32.508,0,4.16,19.34226,21.50731093,0.000455112,0,0.000455112,,,,,,
,,,,,,0,0,0,,,,,,
CNSL,41.24,0,4.16,23.57305893,17.64726424,0.0006584653333,0,0.0006584653333,,,,,,
,33.83,0,4.16,19.33745353,21.51265674,0.0005401523333,0,0.0005401523333,,,,,,
,35.945,0,4.16,20.54640163,20.24685429,0.0005739218333,0,0.0005739218333,,,,,,
,30.807,0,4.16,17.60948658,23.62363026,0.0004918851,0,0.0004918851,,,,,,
,33.264,0,4.16,19.01392416,21.87870302,0.0005311152,0,0.0005311152,,,,,,
,32.508,0,4.16,18.58178952,22.38751007,0.0005190444,0,0.0005190444,,,,,,
,,,,,,0,0,0,,,,,,
CNSOME,41.24,0,4.16,23.92315904,17.38900784,0.0006230676667,0,0.0006230676667,,,,,,
,33.83,0,4.16,19.62464768,21.19783279,0.0005111149167,0,0.0005111149167,,,,,,
,35.945,0,4.16,20.85155072,19.95055455,0.0005430690417,0,0.0005430690417,,,,,,
,30.807,0,4.16,17.87101747,23.27791356,0.000465442425,0,0.000465442425,,,,,,
,33.264,0,4.16,19.29631334,21.55852222,0.0005025636,0,0.0005025636,,,,,,
,32.508,0,4.16,18.85776077,22.0598832,0.0004911417,0,0.0004911417,,,,,,
,,,,,,0,0,0,,,,,,
BUTANOL 20,28.18,5.636,4.16,18.63129718,22.32802129,0.0004499406667,0.00008998813333,0.0005399288,,,,,,
,27.43,5.486,4.16,18.13543228,22.93852132,0.0004379656667,0.00008759313333,0.0005255588,,,,,,
,41.24,8.248,4.16,27.26595797,15.25712027,0.0006584653333,0.0001316930667,0.0007901584,,,,,,
,26.28,5.256,4.16,17.3751061,23.94229985,0.000419604,0.0000839208,0.0005035248,,,,,,
,33.83,6.766,4.16,22.36681276,18.59898433,0.0005401523333,0.0001080304667,0.0006481828,,,,,,
,27.756,5.5512,4.16,18.35096822,22.66910362,0.0004431708,0.00008863416,0.00053180496,,,,,,
,26.955,5.391,4.16,17.82138451,23.34274309,0.0004303815,0.0000860763,0.0005164578,,,,,,
,28.042,5.6084,4.16,18.54005803,22.43790172,0.0004477372667,0.00008954745333,0.00053728472,,,,,,
,35.945,7.189,4.16,23.76515177,17.50462206,0.0005739218333,0.0001147843667,0.0006887062,,,,,,
,30.807,6.1614,4.16,20.36814663,20.42404778,0.0004918851,0.00009837702,0.00059026212,,,,,,
,33.264,6.6528,4.16,21.99260004,18.91545334,0.0005311152,0.00010622304,0.00063733824,,,,,,
,29.072,5.8144,4.16,19.22104583,21.64294304,0.0004641829333,0.00009283658667,0.00055701952,,,,,,
,32.508,6.5016,4.16,21.49276823,19.3553476,0.0005190444,0.00010380888,0.00062285328,,,,,,
,27.12,5.424,4.16,17.93047478,23.20072419,0.000433016,0.0000866032,0.0005196192,,,,,,
,,,,,,0,0,0,,,,,,
BUTANOL 30,28.18,8.454,4.16,19.89300783,20.91187032,0.0004499406667,0.0001349822,0.0005849228667,,,,,,
,27.43,8.229,4.16,19.36356298,21.48364949,0.0004379656667,0.0001313897,0.0005693553667,,,,,,
,41.24,12.372,4.16,29.11240749,14.28944,0.0006584653333,0.0001975396,0.0008560049333,,,,,,
,26.28,7.884,4.16,18.55174754,22.42376353,0.000419604,0.0001258812,0.0005454852,,,,,,
,33.83,10.149,4.16,23.88149237,17.4193469,0.0005401523333,0.0001620457,0.0007021980333,,,,,,
,27.756,8.3268,4.16,19.59369501,21.23131956,0.0004431708,0.00013295124,0.00057612204,,,,,,
,26.955,8.0865,4.16,19.02824791,21.86223356,0.0004303815,0.00012911445,0.00055949595,,,,,,
,28.042,8.4126,4.16,19.79558998,21.0147816,0.0004477372667,0.00013432118,0.0005820584467,,,,,,
,35.945,10.7835,4.16,25.37452684,16.39439437,0.0005739218333,0.00017217655,0.0007460983833,,,,,,
,25.298,7.5894,4.16,17.85852775,23.29419344,0.0004039247333,0.00012117742,0.0005251021533,,,,,,
,30.807,9.2421,4.16,21.74747666,19.12865601,0.0004918851,0.00014756553,0.00063945063,,,,,,
,25.935,7.7805,4.16,18.30820291,22.72205535,0.0004140955,0.00012422865,0.00053832415,,,,,,
,33.264,9.9792,4.16,23.48193799,17.71574391,0.0005311152,0.00015933456,0.00069044976,,,,,,
,29.072,8.7216,4.16,20.52269424,20.27024304,0.0004641829333,0.00013925488,0.0006034378133,,,,,,
,24.983,7.4949,4.16,17.63616092,23.5879,0.0003988952333,0.00011966857,0.0005185638033,,,,,,
,32.508,9.7524,4.16,22.94825758,18.12773796,0.0005190444,0.00015571332,0.00067475772,,,,,,
,27.12,8.136,4.16,19.14472578,21.72922218,0.000433016,0.0001299048,0.0005629208,,,,,,
,25.935,7.7805,4.16,18.30820291,22.72205535,0.0004140955,0.00012422865,0.00053832415,,,,,,
,,,,,,0,0,0,,,,,,
,,,,,,0,0,0,,,,,,
BUTANOL 40,28.18,11.272,4.16,21.15471849,19.66464362,0.0004499406667,0.0001799762667,0.0006299169333,,,,,,
,27.43,10.972,4.16,20.59169369,20.20232072,0.0004379656667,0.0001751862667,0.0006131519333,,,,,,
,41.24,16.496,4.16,30.958857,13.43718859,0.0006584653333,0.0002633861333,0.0009218514667,,,,,,
,26.28,10.512,4.16,19.72838899,21.08636443,0.000419604,0.0001678416,0.0005874456,,,,,,
,33.83,13.532,4.16,25.39617198,16.38042144,0.0005401523333,0.0002160609333,0.0007562132667,,,,,,
,27.756,11.1024,4.16,20.8364218,19.96504026,0.0004431708,0.00017726832,0.00062043912,,,,,,
,26.955,10.782,4.16,20.23511131,20.55832526,0.0004303815,0.0001721526,0.0006025341,,,,,,
,23.429,9.3716,4.16,17.58814405,23.65229661,0.0003740830333,0.0001496332133,0.0005237162467,,,,,,
,28.042,11.2168,4.16,21.05112192,19.76141707,0.0004477372667,0.0001790949067,0.0006268321733,,,,,,
,35.945,14.378,4.16,26.98390191,15.41659918,0.0005739218333,0.0002295687333,0.0008034905667,,,,,,
,24.288,9.7152,4.16,18.23299512,22.8157797,0.0003877984,0.00015511936,0.00054291776,,,,,,
,25.298,10.1192,4.16,18.99120185,21.90488012,0.0004039247333,0.0001615698933,0.0005654946267,,,,,,
,30.807,12.3228,4.16,23.12680668,17.98778386,0.0004918851,0.00019675404,0.00068863914,,,,,,
,25.935,10.374,4.16,19.46939758,21.36686552,0.0004140955,0.0001656382,0.0005797337,,,,,,
,23.886,9.5544,4.16,17.93121383,23.19976795,0.0003813798,0.00015255192,0.00053393172,,,,,,
,33.264,13.3056,4.16,24.97127593,16.65914073,0.0005311152,0.00021244608,0.00074356128,,,,,,
,29.072,11.6288,4.16,21.82434265,19.06128431,0.0004641829333,0.0001856731733,0.0006498561067,,,,,,
,24.983,9.9932,4.16,18.75473144,22.18106942,0.0003988952333,0.0001595580933,0.0005584533267,,,,,,
,32.508,13.0032,4.16,24.40374693,17.04656261,0.0005190444,0.00020761776,0.00072666216,,,,,,
,27.12,10.848,4.16,20.35897677,20.43324695,0.000433016,0.0001732064,0.0006062224,,,,,,
,25.935,10.374,4.16,19.46939758,21.36686552,0.0004140955,0.0001656382,0.0005797337,,,,,,
,,,,,,0,0,0,,,,,,
,,,,,,0,0,0,,,,,,
METHANOL 10,41.24,4.124,4.16,24.63980027,16.88325374,0.0006584653333,0.00005333706667,0.0007118024,,,,,,
,33.83,3.383,4.16,20.21252287,20.58130015,0.0005401523333,0.00004375346667,0.0005839058,,,,,,
,35.945,3.5945,4.16,21.47617897,19.37029863,0.0005739218333,0.00004648886667,0.0006204107,,,,,,
,30.807,3.0807,4.16,18.40636098,22.6008824,0.0004918851,0.00003984372,0.00053172882,,,,,,
,33.264,3.3264,4.16,19.87435296,20.93149904,0.0005311152,0.00004302144,0.00057413664,,,,,,
,29.072,2.9072,4.16,17.36974475,23.94968988,0.0004641829333,0.00003759978667,0.00050178272,,,,,,
,32.508,3.2508,4.16,19.42266312,21.41827809,0.0005190444,0.00004204368,0.00056108808,,,,,,
,,,,,,0,0,0,,,,,,
,,,,,,0,0,0,,,,,,
METHANOL 20,28.18,5.636,4.16,17.5657212,23.68248905,0.0004499406667,0.00007289226667,0.0005228329333,,,,,,
,41.24,8.248,4.16,25.7065416,16.18265135,0.0006584653333,0.0001066741333,0.0007651394667,,,,,,
,33.83,6.766,4.16,21.0875922,19.72724036,0.0005401523333,0.00008750693333,0.0006276592667,,,,,,
,28.042,5.6084,4.16,17.47970028,23.79903507,0.0004477372667,0.00007253530667,0.0005202725733,,,,,,
,35.945,7.189,4.16,22.4059563,18.56649163,0.0005739218333,0.00009297773333,0.0006668995667,,,,,,
,30.807,6.1614,4.16,19.20323538,21.66301625,0.0004918851,0.00007968744,0.00057157254,,,,,,
,33.264,6.6528,4.16,20.73478176,20.06290709,0.0005311152,0.00008604288,0.00061715808,,,,,,
,29.072,5.8144,4.16,18.12174048,22.95585242,0.0004641829333,0.00007519957333,0.0005393825067,,,,,,
,32.508,6.5016,4.16,20.26353672,20.52948633,0.0005190444,0.00008408736,0.00060313176,,,,,,
,,,,,,0,0,0,,,,,,
METHANOL 30,28.18,8.454,4.16,18.29464387,22.73889577,0.0004499406667,0.0001093384,0.0005592790667,,,,,,
,27.43,8.229,4.16,17.80773887,23.36063007,0.0004379656667,0.0001064284,0.0005443940667,,,,,,
,41.24,12.372,4.16,26.77328293,15.53787786,0.0006584653333,0.0001600112,0.0008184765333,,,,,,
,33.83,10.149,4.16,21.96266153,18.94123804,0.0005401523333,0.0001312604,0.0006714127333,,,,,,
,27.756,8.3268,4.16,18.01938024,23.0862546,0.0004431708,0.00010769328,0.00055086408,,,,,,
,26.955,8.0865,4.16,17.4993657,23.77229022,0.0004303815,0.0001045854,0.0005349669,,,,,,
,28.042,8.4126,4.16,18.20505335,22.85079819,0.0004477372667,0.00010880296,0.0005565402267,,,,,,
,35.945,10.7835,4.16,23.33573363,17.82673759,0.0005739218333,0.0001394666,0.0007133884333,,,,,,
,30.807,9.2421,4.16,20.00010978,20.79988583,0.0004918851,0.00011953116,0.00061141626,,,,,,
,33.264,9.9792,4.16,21.59521056,19.26353063,0.0005311152,0.00012906432,0.00066017952,,,,,,
,29.072,8.7216,4.16,18.87373621,22.04121088,0.0004641829333,0.00011279936,0.0005769822933,,,,,,
,32.508,9.7524,4.16,21.10441032,19.71151971,0.0005190444,0.00012613104,0.00064517544,,,,,,
,27.12,8.136,4.16,17.6064848,23.62765792,0.000433016,0.0001052256,0.0005382416,,,,,,
,,,,,,0,0,0,,,,,,
,,,,,,0,0,0,,,,,,
METHANOL 40,28.18,11.272,4.16,19.02356653,21.86761348,0.0004499406667,0.0001457845333,0.0005957252,,,,,,
,27.43,10.972,4.16,18.51726153,22.4655249,0.0004379656667,0.0001419045333,0.0005798702,,,,,,
,41.24,16.496,4.16,27.84002427,14.94251571,0.0006584653333,0.0002133482667,0.0008718136,,,,,,
,26.28,10.512,4.16,17.7409272,23.44860532,0.000419604,0.0001359552,0.0005555592,,,,,,
,33.83,13.532,4.16,22.83773087,18.21546994,0.0005401523333,0.0001750138667,0.0007151662,,,,,,
,27.756,11.1024,4.16,18.73733544,22.20166263,0.0004431708,0.00014359104,0.00058676184,,,,,,
,26.955,10.782,4.16,18.1966017,22.86141153,0.0004303815,0.0001394472,0.0005698287,,,,,,
,28.042,11.2168,4.16,18.93040641,21.97522816,0.0004477372667,0.0001450706133,0.00059280788,,,,,,
,35.945,14.378,4.16,24.26551097,17.14367361,0.0005739218333,0.0001859554667,0.0007598773,,,,,,
,30.807,12.3228,4.16,20.79698418,20.00290025,0.0004918851,0.00015937488,0.00065125998,,,,,,
,25.935,10.374,4.16,17.5080269,23.76053009,0.0004140955,0.0001341704,0.0005482659,,,,,,
,33.264,13.3056,4.16,22.45563936,18.5254133,0.0005311152,0.00017208576,0.00070320096,,,,,,
,29.072,11.6288,4.16,19.62573195,21.19666166,0.0004641829333,0.0001503991467,0.00061458208,,,,,,
,32.508,13.0032,4.16,21.94528392,18.95623686,0.0005190444,0.00016817472,0.00068721912,,,,,,
,27.12,10.848,4.16,18.3079888,22.72232109,0.000433016,0.0001403008,0.0005733168,,,,,,
,25.935,10.374,4.16,17.5080269,23.76053009,0.0004140955,0.0001341704,0.0005482659,,,,,,
,,,,,,0,0,0,,,,,,
COCO 10,28.18,2.818,4.16,17.70240406,23.49963307,0.0004499406667,0.00004300268,0.0004929433467,,,,,,
,41.24,4.124,4.16,25.90657003,16.05770272,0.0006584653333,0.00006293224,0.0007213975733,,,,,,
,33.83,3.383,4.16,21.25167954,19.57492344,0.0005401523333,0.00005162458,0.0005917769133,,,,,,
,27.756,2.7756,4.16,17.43605135,23.85861291,0.0004431708,0.000042355656,0.000485526456,,,,,,
,28.042,2.8042,4.16,17.61571379,23.61527922,0.0004477372667,0.000042792092,0.0004905293587,,,,,,
,35.945,3.5945,4.16,22.58030213,18.42313702,0.0005739218333,0.00005485207,0.0006287739033,,,,,,
,30.807,3.0807,4.16,19.35266011,21.49575291,0.0004918851,0.000047011482,0.000538896582,,,,,,
,33.264,3.3264,4.16,20.8961238,19.90799844,0.0005311152,0.000050760864,0.000581876064,,,,,,
,29.072,2.9072,4.16,18.26274986,22.77860691,0.0004641829333,0.000044363872,0.0005085468053,,,,,,
,32.508,3.2508,4.16,20.4212119,20.37097514,0.0005190444,0.000049607208,0.000568651608,,,,,,
,,,,,,0,0,0,,,,,,
COCO 20,28.18,5.636,4.16,19.29693226,21.55783077,0.0004499406667,0.00008600536,0.0005359460267,,,,,,
,27.43,5.486,4.16,18.78335173,22.147272,0.0004379656667,0.00008371636,0.0005216820267,,,,,,
,41.24,8.248,4.16,28.24008113,14.73083586,0.0006584653333,0.00012586448,0.0007843298133,,,,,,
,26.28,5.256,4.16,17.9958616,23.11642584,0.000419604,0.00008020656,0.00049981056,,,,,,
,33.83,6.766,4.16,23.16590555,17.95742451,0.0005401523333,0.00010324916,0.0006434014933,,,,,,
,27.756,5.5512,4.16,19.00658807,21.88714768,0.0004431708,0.000084711312,0.000527882112,,,,,,
,26.955,5.391,4.16,18.45808407,22.5375504,0.0004303815,0.00008226666,0.00051264816,,,,,,
,28.042,5.6084,4.16,19.20243344,21.66392094,0.0004477372667,0.000085584184,0.0005333214507,,,,,,
,35.945,7.189,4.16,24.61420263,16.90081155,0.0005739218333,0.00010970414,0.0006836259733,,,,,,
,30.807,6.1614,4.16,21.09583364,19.71953358,0.0004918851,0.000094022964,0.000585908064,,,,,,
,25.935,5.187,4.16,17.75961455,23.42393179,0.0004140955,0.00007915362,0.00049324912,,,,,,
,33.264,6.6528,4.16,22.77832344,18.26297712,0.0005311152,0.000101521728,0.000632636928,,,,,,
,29.072,5.8144,4.16,19.9077507,20.89638384,0.0004641829333,0.000088727744,0.0005529106773,,,,,,
,32.508,6.5016,4.16,22.26063428,18.68769752,0.0005190444,0.000099214416,0.000618258816,,,,,,
,27.12,5.424,4.16,18.57107178,22.40043035,0.000433016,0.00008277024,0.00051578624,,,,,,
,25.935,5.187,4.16,17.75961455,23.42393179,0.0004140955,0.00007915362,0.00049324912,,,,,,
,,,,,,0,0,0,,,,,,
,,,,,,0,0,0,,,,,,
COCO 30,28.18,8.454,4.16,20.89146046,19.91244226,0.0004499406667,0.00012900804,0.0005789487067,,,,,,
,27.43,8.229,4.16,20.33544217,20.45689474,0.0004379656667,0.00012557454,0.0005635402067,,,,,,
,41.24,12.372,4.16,30.57359224,13.60651365,0.0006584653333,0.00018879672,0.0008472620533,,,,,,
,26.28,7.884,4.16,19.48288079,21.35207849,0.000419604,0.00012030984,0.00053991384,,,,,,
,33.83,10.149,4.16,25.08013155,16.58683485,0.0005401523333,0.00015487374,0.0006950260733,,,,,,
,27.756,8.3268,4.16,20.57712478,20.21662425,0.0004431708,0.000127066968,0.000570237768,,,,,,
,26.955,8.0865,4.16,19.98329725,20.81738538,0.0004303815,0.00012339999,0.00055378149,,,,,,
,23.429,7.0287,4.16,17.36926994,23.95034457,0.0003740830333,0.000107257962,0.0004813409953,,,,,,
,28.042,8.4126,4.16,20.78915309,20.01043516,0.0004477372667,0.000128376276,0.0005761135427,,,,,,
,35.945,10.7835,4.16,26.64810313,15.61086724,0.0005739218333,0.00016455621,0.0007384780433,,,,,,
,24.288,7.2864,4.16,18.00609622,23.10328651,0.0003877984,0.000111190464,0.000498988864,,,,,,
,25.298,7.5894,4.16,18.75486752,22.18090848,0.0004039247333,0.000115814244,0.0005197389773,,,,,,
,30.807,9.2421,4.16,22.83900718,18.214452,0.0004918851,0.000141034446,0.000632919546,,,,,,
,25.935,7.7805,4.16,19.22711238,21.63611424,0.0004140955,0.00011873043,0.00053282593,,,,,,
,23.886,7.1658,4.16,17.70807042,23.49211349,0.0003813798,0.000109350108,0.000490729908,,,,,,
,33.264,9.9792,4.16,24.66052309,16.86906634,0.0005311152,0.000152282592,0.000683397792,,,,,,
,29.072,8.7216,4.16,21.55275154,19.30147987,0.0004641829333,0.000133091616,0.0005972745493,,,,,,
,24.983,7.4949,4.16,18.52133984,22.46057811,0.0003988952333,0.000114372174,0.0005132674073,,,,,,
,32.508,9.7524,4.16,24.10005665,17.26137021,0.0005190444,0.000148821624,0.000667866024,,,,,,
,27.12,8.136,4.16,20.10562128,20.69073093,0.000433016,0.00012415536,0.00055717136,,,,,,
,25.935,7.7805,4.16,19.22711238,21.63611424,0.0004140955,0.00011873043,0.00053282593,,,,,,
,,,,,,0,0,0,,,,,,
COCO 40,28.18,11.272,4.16,22.48598865,18.50040959,0.0004499406667,0.00017201072,0.0006219513867,,,,,,
,27.43,10.972,4.16,21.8875326,19.00625381,0.0004379656667,0.00016743272,0.0006053983867,,,,,,
,41.24,16.496,4.16,32.90710334,12.64164748,0.0006584653333,0.00025172896,0.0009101942933,,,,,,
,26.28,10.512,4.16,20.96989999,19.83795822,0.000419604,0.00016041312,0.00058001712,,,,,,
,33.83,13.532,4.16,26.99435756,15.41062791,0.0005401523333,0.00020649832,0.0007466506533,,,,,,
,22.041,8.8164,4.16,17.5874264,23.65326175,0.0003519213,0.000134538264,0.000486459564,,,,,,
,27.756,11.1024,4.16,22.1476615,18.78302141,0.0004431708,0.000169422624,0.000612593424,,,,,,
,26.955,10.782,4.16,21.50851044,19.34118131,0.0004303815,0.00016453332,0.00059491482,,,,,,
,22.4,8.96,4.16,17.87388736,23.27417599,0.0003576533333,0.0001367296,0.0004943829333,,,,,,
,23.429,9.3716,4.16,18.69496906,22.25197585,0.0003740830333,0.000143010616,0.0005170936493,,,,,,
,28.042,11.2168,4.16,22.37587274,18.59145361,0.0004477372667,0.000171168368,0.0006189056347,,,,,,
,35.945,14.378,4.16,28.68200362,14.50386819,0.0005739218333,0.00021940828,0.0007933301133,,,,,,
,24.288,9.7152,4.16,19.38040072,21.46498444,0.0003877984,0.000148253952,0.000536052352,,,,,,
,25.298,10.1192,4.16,20.18632154,20.60801416,0.0004039247333,0.000154418992,0.0005583437253,,,,,,
,30.807,12.3228,4.16,24.58218071,16.92282735,0.0004918851,0.000188045928,0.000679931028,,,,,,
,22.616,9.0464,4.16,18.0462427,23.05188991,0.0003611021333,0.000138048064,0.0004991501973,,,,,,
,25.935,10.374,4.16,20.69461021,20.1018524,0.0004140955,0.00015830724,0.00057240274,,,,,,
,22.008,8.8032,4.16,17.56109433,23.68872874,0.0003513944,0.000134336832,0.000485731232,,,,,,
,23.886,9.5544,4.16,19.05962828,21.82623889,0.0003813798,0.000145800144,0.000527179944,,,,,,
,33.264,13.3056,4.16,26.54272273,15.67284578,0.0005311152,0.000203043456,0.000734158656,,,,,,
,29.072,11.6288,4.16,23.19775238,17.93277181,0.0004641829333,0.000177455488,0.0006416384213,,,,,,
,24.983,9.9932,4.16,19.93497,20.86785182,0.0003988952333,0.000152496232,0.0005513914653,,,,,,
,32.508,13.0032,4.16,25.93947903,16.03733057,0.0005190444,0.000198428832,0.000717473232,,,,,,
,27.12,10.848,4.16,21.64017077,19.22350819,0.000433016,0.00016554048,0.00059855648,,,,,,
,25.935,10.374,4.16,20.69461021,20.1018524,0.0004140955,0.00015830724,0.00057240274,,,,,,
,,,,,,0,0,0,,,,,,
COT 10 ,28.18,2.818,4.16,17.83417891,23.32599679,0.0004499406667,0.00004273027333,0.00049267094,,,,,,
,27.43,2.743,4.16,17.35952901,23.9637838,0.0004379656667,0.00004159302333,0.00047955869,,,,,,
,41.24,4.124,4.16,26.09941583,15.93905406,0.0006584653333,0.00006253358667,0.00072099892,,,,,,
,33.83,3.383,4.16,21.40987482,19.43028642,0.0005401523333,0.00005129755667,0.00059144989,,,,,,
,27.756,2.7756,4.16,17.5658435,23.68232417,0.0004431708,0.000042087348,0.000485258148,,,,,,
,28.042,2.8042,4.16,17.74684333,23.44078844,0.0004477372667,0.00004252101933,0.000490258286,,,,,,
,35.945,3.5945,4.16,22.74838754,18.28701042,0.0005739218333,0.00005450460167,0.000628426435,,,,,,
,30.807,3.0807,4.16,19.49671929,21.33692309,0.0004918851,0.000046713681,0.000538598781,,,,,,
,33.264,3.3264,4.16,21.05167236,19.76090036,0.0005311152,0.000050439312,0.000581554512,,,,,,
,29.072,2.9072,4.16,18.39869586,22.61029821,0.0004641829333,0.00004408284267,0.000508265776,,,,,,
,32.508,3.2508,4.16,20.57322527,20.22045618,0.0005190444,0.000049292964,0.000568337364,,,,,,
,,,,,,0,0,0,,,,,,
COT 20,28.18,5.636,4.16,19.56048195,21.26736964,0.0004499406667,0.00008546054667,0.0005354012133,,,,,,
,27.43,5.486,4.16,19.03988715,21.84886899,0.0004379656667,0.00008318604667,0.0005211517133,,,,,,
,41.24,8.248,4.16,28.62577274,14.53235879,0.0006584653333,0.0001250671733,0.0007835325067,,,,,,
,26.28,5.256,4.16,18.24164179,22.80496486,0.000419604,0.00007969848,0.00049930248,,,,,,
,33.83,6.766,4.16,23.48229611,17.71547373,0.0005401523333,0.0001025951133,0.0006427474467,,,,,,
,27.756,5.5512,4.16,19.26617236,21.59224948,0.0004431708,0.000084174696,0.000527345496,,,,,,
,26.955,5.391,4.16,18.71017711,22.23388894,0.0004303815,0.00008174553,0.00051212703,,,,,,
,28.042,5.6084,4.16,19.46469251,21.3720304,0.0004477372667,0.00008504203867,0.0005327793053,,,,,,
,35.945,7.189,4.16,24.95037345,16.67309713,0.0005739218333,0.0001090092033,0.0006829310367,,,,,,
,25.298,5.0596,4.16,17.56000967,23.69019197,0.0004039247333,0.00007672040133,0.0004806451347,,,,,,
,30.807,6.1614,4.16,21.383952,19.45384089,0.0004918851,0.000093427362,0.000585312462,,,,,,
,25.935,5.187,4.16,18.00216818,23.10832761,0.0004140955,0.00007865221,0.00049274771,,,,,,
,33.264,6.6528,4.16,23.08942057,18.01690946,0.0005311152,0.000100878624,0.000631993824,,,,,,
,29.072,5.8144,4.16,20.1796427,20.61483477,0.0004641829333,0.00008816568533,0.0005523486187,,,,,,
,24.983,4.9966,4.16,17.34135985,23.9888915,0.0003988952333,0.00007576511133,0.0004746603447,,,,,,
,32.508,6.5016,4.16,22.56466101,18.43590736,0.0005190444,0.000098585928,0.000617630328,,,,,,
,27.12,5.424,4.16,18.82470797,22.09861639,0.000433016,0.00008224592,0.00051526192,,,,,,
,25.935,5.187,4.16,18.00216818,23.10832761,0.0004140955,0.00007865221,0.00049274771,,,,,,
,,,,,,0,0,0,,,,,,
COT 30,28.18,8.454,4.16,21.28678499,19.54264113,0.0004499406667,0.00012819082,0.0005781314867,,,,,,
,27.43,8.229,4.16,20.72024529,20.07698239,0.0004379656667,0.00012477907,0.0005627447367,,,,,,
,41.24,12.372,4.16,31.15212964,13.35382219,0.0006584653333,0.00018760076,0.0008460660933,,,,,,
,26.28,7.884,4.16,19.85155109,20.95554137,0.000419604,0.00011954772,0.00053915172,,,,,,
,33.83,10.149,4.16,25.5547174,16.27879477,0.0005401523333,0.00015389267,0.0006940450033,,,,,,
,27.756,8.3268,4.16,20.96650122,19.84117406,0.0004431708,0.000126262044,0.000569432844,,,,,,
,26.955,8.0865,4.16,20.36143682,20.43077823,0.0004303815,0.000122618295,0.000552999795,,,,,,
,23.429,7.0287,4.16,17.69794484,23.5055541,0.0003740830333,0.000106578521,0.0004806615543,,,,,,
,28.042,8.4126,4.16,21.18254169,19.63881417,0.0004477372667,0.000127563058,0.0005753003247,,,,,,
,35.945,10.7835,4.16,27.15235936,15.32095221,0.0005739218333,0.000163513805,0.0007374356383,,,,,,
,24.288,7.2864,4.16,18.34682164,22.67422707,0.0003877984,0.000110486112,0.000498284512,,,,,,
,25.298,7.5894,4.16,19.10976177,21.76897886,0.0004039247333,0.000115080602,0.0005190053353,,,,,,
,30.807,9.2421,4.16,23.27118472,17.87618486,0.0004918851,0.000140141043,0.000632026143,,,,,,
,25.935,7.7805,4.16,19.59094283,21.23430218,0.0004140955,0.000117978315,0.000532073815,,,,,,
,23.886,7.1658,4.16,18.04315637,23.055833,0.0003813798,0.000108657414,0.000490037214,,,,,,
,33.264,9.9792,4.16,25.12716877,16.55578485,0.0005311152,0.000151317936,0.000682433136,,,,,,
,29.072,8.7216,4.16,21.96058954,18.94302515,0.0004641829333,0.000132248528,0.0005964314613,,,,,,
,24.983,7.4949,4.16,18.8718151,22.04345463,0.0003988952333,0.000113647667,0.0005125429003,,,,,,
,32.508,9.7524,4.16,24.55609676,16.9408031,0.0005190444,0.000147878892,0.000666923292,,,,,,
,27.12,8.136,4.16,20.48607555,20.30647593,0.000433016,0.00012336888,0.00055638488,,,,,,
,25.935,7.7805,4.16,19.59094283,21.23430218,0.0004140955,0.000117978315,0.000532073815,,,,,,
,,,,,,0,0,0,,,,,,
COT 40,28.18,11.272,4.16,23.01308804,18.07667008,0.0004499406667,0.0001709210933,0.00062086176,,,,,,
,27.43,10.972,4.16,22.40060344,18.57092829,0.0004379656667,0.0001663720933,0.00060433776,,,,,,
,41.24,16.496,4.16,33.67848654,12.352099,0.0006584653333,0.0002501343467,0.00090859968,,,,,,
,26.28,10.512,4.16,21.46146038,19.38358306,0.000419604,0.00015939696,0.00057900096,,,,,,
,33.83,13.532,4.16,27.62713869,15.05765779,0.0005401523333,0.0002051902267,0.00074534256,,,,,,
,22.041,8.8164,4.16,17.99969742,23.11149961,0.0003519213,0.000133686012,0.000485607312,,,,,,
,27.756,11.1024,4.16,22.66683008,18.35280887,0.0004431708,0.000168349392,0.000611520192,,,,,,
,26.955,10.782,4.16,22.01269652,18.89818449,0.0004303815,0.00016349106,0.00059387256,,,,,,
,22.4,8.96,4.16,18.29287339,22.74109656,0.0003576533333,0.0001358634667,0.0004935168,,,,,,
,23.429,9.3716,4.16,19.13320226,21.74230923,0.0003740830333,0.0001421046947,0.000516187728,,,,,,
,21.522,8.6088,4.16,17.57585808,23.66883017,0.0003436346,0.000130538104,0.000474172704,,,,,,
,28.042,11.2168,4.16,22.90039087,18.1656288,0.0004477372667,0.0001700840773,0.000617821344,,,,,,
,35.945,14.378,4.16,29.35434526,14.17166679,0.0005739218333,0.0002180184067,0.00079194024,,,,,,
,24.288,9.7152,4.16,19.83470129,20.97334333,0.0003877984,0.000147314816,0.000535113216,,,,,,
,25.298,10.1192,4.16,20.65951388,20.13600138,0.0004039247333,0.0001534408027,0.000557365536,,,,,,
,30.807,12.3228,4.16,25.15841743,16.53522131,0.0004918851,0.000186854724,0.000678739824,,,,,,
,22.616,9.0464,4.16,18.46926895,22.52390179,0.0003611021333,0.0001371735787,0.000498275712,,,,,,
,25.935,10.374,4.16,21.17971747,19.64143292,0.0004140955,0.00015730442,0.00057139992,,,,,,
,22.008,8.8032,4.16,17.9727481,23.14615426,0.0003513944,0.000133485856,0.000484880256,,,,,,
,23.886,9.5544,4.16,19.50640954,21.32632349,0.0003813798,0.000144876552,0.000526256352,,,,,,
,33.264,13.3056,4.16,27.16491698,15.31386974,0.0005311152,0.000201757248,0.000732872448,,,,,,
,29.072,11.6288,4.16,23.74153639,17.52203367,0.0004641829333,0.0001763313707,0.000640514304,,,,,,
,24.983,9.9932,4.16,20.40227035,20.38988764,0.0003988952333,0.0001515302227,0.000550425456,,,,,,
,32.508,13.0032,4.16,26.5475325,15.67000624,0.0005190444,0.000197171856,0.000716216256,,,,,,
,27.12,10.848,4.16,22.14744314,18.7832066,0.000433016,0.00016449184,0.00059750784,,,,,,
,25.935,10.374,4.16,21.17971747,19.64143292,0.0004140955,0.00015730442,0.00057139992,,,,,,
,,,,,,0,0,0,,,,,,
OP 10,28.18,2.818,4.16,17.6041916,23.63073577,0.0004499406667,0.00003836707,0.0004883077367,,,,,,
,41.24,4.124,4.16,25.76284107,16.14728744,0.0006584653333,0.00005614826,0.0007146135933,,,,,,
,33.83,3.383,4.16,21.13377579,19.68413047,0.0005401523333,0.000046059545,0.0005862118783,,,,,,
,27.756,2.7756,4.16,17.33931661,23.99171833,0.0004431708,0.000037789794,0.000480960594,,,,,,
,28.042,2.8042,4.16,17.51798228,23.7470271,0.0004477372667,0.000038179183,0.0004859164497,,,,,,
,35.945,3.5945,4.16,22.45502722,18.52591832,0.0005739218333,0.0000489391175,0.0006228609508,,,,,,
,30.807,3.0807,4.16,19.24529207,21.61567611,0.0004918851,0.0000419437305,0.0005338288305,,,,,,
,33.264,3.3264,4.16,20.78019266,20.01906367,0.0005311152,0.000045288936,0.000576404136,,,,,,
,29.072,2.9072,4.16,18.16142861,22.90568705,0.0004641829333,0.000039581528,0.0005037644613,,,,,,
,32.508,3.2508,4.16,20.30791556,20.48462329,0.0005190444,0.000044259642,0.000563304042,,,,,,
,,,,,,0,0,0,,,,,,
OP 20,28.18,5.636,4.16,19.10050733,21.77952621,0.0004499406667,0.00007673414,0.0005266748067,,,,,,
,27.43,5.486,4.16,18.59215458,22.37502912,0.0004379656667,0.00007469189,0.0005126575567,,,,,,
,41.24,8.248,4.16,27.95262321,14.88232417,0.0006584653333,0.00011229652,0.0007707618533,,,,,,
,26.28,5.256,4.16,17.81268036,23.35414949,0.000419604,0.00007156044,0.00049116444,,,,,,
,33.83,6.766,4.16,22.93009804,18.14209426,0.0005401523333,0.00009211909,0.0006322714233,,,,,,
,27.756,5.5512,4.16,18.81311857,22.11222974,0.0004431708,0.000075579588,0.000518750388,,,,,,
,26.955,5.391,4.16,18.27019784,22.76932104,0.0004303815,0.000073398465,0.000503779965,,,,,,
,28.042,5.6084,4.16,19.00697042,21.88670739,0.0004477372667,0.000076358366,0.0005240956327,,,,,,
,35.945,7.189,4.16,24.3636528,17.07461535,0.0005739218333,0.000097878235,0.0006718000683,,,,,,
,30.807,6.1614,4.16,20.88109756,19.92232443,0.0004918851,0.000083887461,0.000575772561,,,,,,
,25.935,5.187,4.16,17.5788381,23.66481776,0.0004140955,0.000070621005,0.000484716505,,,,,,
,33.264,6.6528,4.16,22.54646117,18.4507891,0.0005311152,0.000090577872,0.000621693072,,,,,,
,29.072,5.8144,4.16,19.7051082,21.11127713,0.0004641829333,0.000079163056,0.0005433459893,,,,,,
,32.508,6.5016,4.16,22.0340416,18.87987722,0.0005190444,0.000088519284,0.000607563684,,,,,,
,27.12,5.424,4.16,18.38203544,22.63079088,0.000433016,0.00007384776,0.00050686376,,,,,,
,25.935,5.187,4.16,17.5788381,23.66481776,0.0004140955,0.000070621005,0.000484716505,,,,,,
,,,,,,0,0,0,,,,,,
,,,,,,0,0,0,,,,,,
OP 30,28.18,8.454,4.16,20.59682306,20.19728959,0.0004499406667,0.00011510121,0.0005650418767,,,,,,
,27.43,8.229,4.16,20.04864643,20.74953047,0.0004379656667,0.000112037835,0.0005500035017,,,,,,
,41.24,12.372,4.16,30.14240535,13.80115472,0.0006584653333,0.00016844478,0.0008269101133,,,,,,
,26.28,7.884,4.16,19.20810894,21.65751982,0.000419604,0.00010734066,0.00052694466,,,,,,
,33.83,10.149,4.16,24.7264203,16.82410939,0.0005401523333,0.000138178635,0.0006783309683,,,,,,
,27.756,8.3268,4.16,20.28692054,20.50582291,0.0004431708,0.000113369382,0.000556540182,,,,,,
,26.955,8.0865,4.16,19.7014679,21.11517792,0.0004303815,0.0001100976975,0.0005404791975,,,,,,
,28.042,8.4126,4.16,20.49595856,20.29668429,0.0004477372667,0.000114537549,0.0005622748157,,,,,,
,35.945,10.7835,4.16,26.27227838,15.83418058,0.0005739218333,0.0001468173525,0.0007207391858,,,,,,
,24.288,7.2864,4.16,17.75215182,23.43377885,0.0003877984,0.000099204336,0.000487002736,,,,,,
,25.298,7.5894,4.16,18.49036301,22.49820621,0.0004039247333,0.000103329681,0.0005072544143,,,,,,
,30.807,9.2421,4.16,22.51690305,18.4750096,0.0004918851,0.0001258311915,0.0006177162915,,,,,,
,25.935,7.7805,4.16,18.95594769,21.94561869,0.0004140955,0.0001059315075,0.0005200270075,,,,,,
,23.886,7.1658,4.16,17.45832915,23.828168,0.0003813798,0.000097562367,0.000478942167,,,,,,
,33.264,9.9792,4.16,24.31272967,17.11037821,0.0005311152,0.000135866808,0.000666982008,,,,,,
,29.072,8.7216,4.16,21.24878779,19.5775874,0.0004641829333,0.000118744584,0.0005829275173,,,,,,
,24.983,7.4949,4.16,18.26012883,22.78187651,0.0003988952333,0.0001020430635,0.0005009382968,,,,,,
,32.508,9.7524,4.16,23.76016763,17.50829398,0.0005190444,0.000132778926,0.000651823326,,,,,,
,27.12,8.136,4.16,19.82206676,20.98671168,0.000433016,0.00011077164,0.00054378764,,,,,,
,25.935,7.7805,4.16,18.95594769,21.94561869,0.0004140955,0.0001059315075,0.0005200270075,,,,,,
,,,,,,0,0,0,,,,,,
OP 40,28.18,11.272,4.16,22.09313879,18.82937522,0.0004499406667,0.00015346828,0.0006034089467,,,,,,
,27.43,10.972,4.16,21.50513829,19.34421413,0.0004379656667,0.00014938378,0.0005873494467,,,,,,
,41.24,16.496,4.16,32.33218749,12.86643535,0.0006584653333,0.00022459304,0.0008830583733,,,,,,
,26.28,10.512,4.16,20.60353752,20.19070752,0.000419604,0.00014312088,0.00056272488,,,,,,
,33.83,13.532,4.16,26.52274255,15.68465249,0.0005401523333,0.00018423818,0.0007243905133,,,,,,
,27.756,11.1024,4.16,21.7607225,19.11701231,0.0004431708,0.000151159176,0.000594329976,,,,,,
,26.955,10.782,4.16,21.13273797,19.68509715,0.0004303815,0.00014679693,0.00057717843,,,,,,
,22.4,8.96,4.16,17.56161493,23.6880265,0.0003576533333,0.0001219904,0.0004796437333,,,,,,
,23.429,9.3716,4.16,18.36835162,22.64765008,0.0003740830333,0.000127594334,0.0005016773673,,,,,,
,28.042,11.2168,4.16,21.98494669,18.92203815,0.0004477372667,0.000152716732,0.0006004539987,,,,,,
,35.945,14.378,4.16,28.18090396,14.76176919,0.0005739218333,0.00019575647,0.0007696783033,,,,,,
,24.288,9.7152,4.16,19.04180819,21.84666476,0.0003877984,0.000132272448,0.000520070848,,,,,,
,25.298,10.1192,4.16,19.83364887,20.97445623,0.0004039247333,0.000137772908,0.0005416976413,,,,,,
,30.807,12.3228,4.16,24.15270854,17.22374115,0.0004918851,0.000167774922,0.000659660022,,,,,,
,22.616,9.0464,4.16,17.73095908,23.46178784,0.0003611021333,0.000123166736,0.0004842688693,,,,,,
,25.935,10.374,4.16,20.33305729,20.45929415,0.0004140955,0.00014124201,0.00055533751,,,,,,
,23.886,9.5544,4.16,18.72663992,22.21434287,0.0003813798,0.000130083156,0.000511462956,,,,,,
,33.264,13.3056,4.16,26.07899818,15.951533,0.0005311152,0.000181155744,0.000712270944,,,,,,
,29.072,11.6288,4.16,22.79246738,18.25164398,0.0004641829333,0.000158326112,0.0006225090453,,,,,,
,24.983,9.9932,4.16,19.58668866,21.23891421,0.0003988952333,0.000136057418,0.0005349526513,,,,,,
,32.508,13.0032,4.16,25.48629367,16.32249888,0.0005190444,0.000177038568,0.000696082968,,,,,,
,27.12,10.848,4.16,21.26209808,19.56533163,0.000433016,0.00014769552,0.00058071152,,,,,,
,25.935,10.374,4.16,20.33305729,20.45929415,0.0004140955,0.00014124201,0.00055533751,,,,,,
,,,,,,0,0,0,,,,,,
DMC 10,28.18,2.818,4.16,17.87170903,23.2770128,0.0004499406667,0.00005039523333,0.0005003359,,,,,,
,27.43,2.743,4.16,17.39606028,23.91346047,0.0004379656667,0.00004905398333,0.00048701965,,,,,,
,41.24,4.124,4.16,26.15433927,15.90558246,0.0006584653333,0.00007375086667,0.0007322162,,,,,,
,33.83,3.383,4.16,21.45492962,19.38948332,0.0005401523333,0.00006049931667,0.00060065165,,,,,,
,27.756,2.7756,4.16,17.60280894,23.6325919,0.0004431708,0.00004963698,0.00049280778,,,,,,
,28.042,2.8042,4.16,17.78418966,23.3915634,0.0004477372667,0.00005014844333,0.00049788571,,,,,,
,35.945,3.5945,4.16,22.79625909,18.24860817,0.0005739218333,0.00006428164167,0.000638203475,,,,,,
,30.807,3.0807,4.16,19.53774805,21.2921161,0.0004918851,0.000055093185,0.000546978285,,,,,,
,33.264,3.3264,4.16,21.09597336,19.71940298,0.0005311152,0.00005948712,0.00059060232,,,,,,
,29.072,2.9072,4.16,18.43741395,22.56281717,0.0004641829333,0.00005199042667,0.00051617336,,,,,,
,32.508,3.2508,4.16,20.61651942,20.17799375,0.0005190444,0.00005813514,0.00057717954,,,,,,
,,,,,,0,0,0,,,,,,
DMC 20,28.18,5.636,4.16,19.6355422,21.18607145,0.0004499406667,0.0001007904667,0.0005507311333,,,,,,
,27.43,5.486,4.16,19.1129497,21.76534792,0.0004379656667,0.00009810796667,0.0005360736333,,,,,,
,41.24,8.248,4.16,28.7356196,14.47680634,0.0006584653333,0.0001475017333,0.0008059670667,,,,,,
,26.28,5.256,4.16,18.3116412,22.71778894,0.000419604,0.0000939948,0.0005135988,,,,,,
,33.83,6.766,4.16,23.5724057,17.64775328,0.0005401523333,0.0001209986333,0.0006611509667,,,,,,
,27.756,5.5512,4.16,19.34010324,21.50970938,0.0004431708,0.00009927396,0.00054244476,,,,,,
,26.955,5.391,4.16,18.78197445,22.14889607,0.0004303815,0.00009640905,0.00052679055,,,,,,
,28.042,5.6084,4.16,19.53938518,21.29033212,0.0004477372667,0.0001002968867,0.0005480341533,,,,,,
,35.945,7.189,4.16,25.04611655,16.60936134,0.0005739218333,0.0001285632833,0.0007024851167,,,,,,
,25.298,5.0596,4.16,17.62739342,23.59963212,0.0004039247333,0.00009048251333,0.0004944072467,,,,,,
,30.807,6.1614,4.16,21.46600953,19.37947523,0.0004918851,0.00011018637,0.00060207147,,,,,,
,25.935,5.187,4.16,18.07124865,23.01999204,0.0004140955,0.00009276085,0.00050685635,,,,,,
,33.264,6.6528,4.16,23.17802256,17.94803672,0.0005311152,0.00011897424,0.00065008944,,,,,,
,29.072,5.8144,4.16,20.25707888,20.53603101,0.0004641829333,0.0001039808533,0.0005681637867,,,,,,
,24.983,4.9966,4.16,17.40790457,23.89718983,0.0003988952333,0.00008935586333,0.0004882510967,,,,,,
,32.508,6.5016,4.16,22.65124932,18.36543292,0.0005190444,0.00011627028,0.00063531468,,,,,,
,27.12,5.424,4.16,18.8969448,22.01414061,0.000433016,0.0000969992,0.0005300152,,,,,,
,25.935,5.187,4.16,18.07124865,23.01999204,0.0004140955,0.00009276085,0.00050685635,,,,,,
,,,,,,0,0,0,,,,,,
DMC 30,28.18,8.454,4.16,21.39937537,19.43981976,0.0004499406667,0.0001511857,0.0006011263667,,,,,,
,27.43,8.229,4.16,20.82983912,19.97134964,0.0004379656667,0.00014716195,0.0005851276167,,,,,,
,41.24,12.372,4.16,31.31689993,13.28356258,0.0006584653333,0.0002212526,0.0008797179333,,,,,,
,26.28,7.884,4.16,19.9565502,20.84528618,0.000419604,0.0001409922,0.0005605962,,,,,,
,33.83,10.149,4.16,25.68988178,16.19314575,0.0005401523333,0.00018149795,0.0007216502833,,,,,,
,27.756,8.3268,4.16,21.07739754,19.73678198,0.0004431708,0.00014891094,0.00059208174,,,,,,
,26.955,8.0865,4.16,20.46913283,20.32328402,0.0004303815,0.000144613575,0.000574995075,,,,,,
,23.429,7.0287,4.16,17.79155307,23.38188231,0.0003740830333,0.000125696585,0.0004997796183,,,,,,
,28.042,8.4126,4.16,21.2945807,19.53548679,0.0004477372667,0.00015044533,0.0005981825967,,,,,,
,35.945,10.7835,4.16,27.29597401,15.24034277,0.0005739218333,0.000192844925,0.0007667667583,,,,,,
,24.288,7.2864,4.16,18.44386192,22.55492921,0.0003877984,0.00013030512,0.00051810352,,,,,,
,25.298,7.5894,4.16,19.2108374,21.65444386,0.0004039247333,0.00013572377,0.0005396485033,,,,,,
,30.807,9.2421,4.16,23.394271,17.78213136,0.0004918851,0.000165279555,0.000657164655,,,,,,
,25.935,7.7805,4.16,19.69456353,21.12258032,0.0004140955,0.000139141275,0.000553236775,,,,,,
,23.886,7.1658,4.16,18.13859049,22.93452737,0.0003813798,0.00012814839,0.00050952819,,,,,,
,33.264,9.9792,4.16,25.26007176,16.46867847,0.0005311152,0.00017846136,0.00070957656,,,,,,
,29.072,8.7216,4.16,22.07674381,18.84335858,0.0004641829333,0.00015597128,0.0006201542133,,,,,,
,24.983,7.4949,4.16,18.97163218,21.92747551,0.0003988952333,0.000134033795,0.0005329290283,,,,,,
,32.508,9.7524,4.16,24.68597922,16.85167099,0.0005190444,0.00017440542,0.00069344982,,,,,,
,27.12,8.136,4.16,20.5944308,20.19963572,0.000433016,0.0001454988,0.0005785148,,,,,,
,25.935,7.7805,4.16,19.69456353,21.12258032,0.0004140955,0.000139141275,0.000553236775,,,,,,
,,,,,,0,0,0,,,,,,
DMC 40,28.18,11.272,4.16,23.16320853,17.95951538,0.0004499406667,0.0002015809333,0.0006515216,,,,,,
,27.43,10.972,4.16,22.54672853,18.45057031,0.0004379656667,0.0001962159333,0.0006341816,,,,,,
,41.24,16.496,4.16,33.89818027,12.27204519,0.0006584653333,0.0002950034667,0.0009534688,,,,,,
,26.28,10.512,4.16,21.6014592,19.25795828,0.000419604,0.0001879896,0.0006075936,,,,,,
,33.83,13.532,4.16,27.80735787,14.96006927,0.0005401523333,0.0002419972667,0.0007821496,,,,,,
,22.041,8.8164,4.16,18.11711424,22.96171424,0.0003519213,0.00015766662,0.00050958792,,,,,,
,27.756,11.1024,4.16,22.81469184,18.23386452,0.0004431708,0.00019854792,0.00064171872,,,,,,
,26.955,10.782,4.16,22.1562912,18.77570557,0.0004303815,0.0001928181,0.0006231996,,,,,,
,22.4,8.96,4.16,18.41220267,22.59371176,0.0003576533333,0.0001602346667,0.000517888,,,,,,
,23.429,9.3716,4.16,19.25801323,21.60139756,0.0003740830333,0.0001675954467,0.00054167848,,,,,,
,21.522,8.6088,4.16,17.69051008,23.51543274,0.0003436346,0.00015395404,0.00049758864,,,,,,
,28.042,11.2168,4.16,23.04977621,18.04789757,0.0004477372667,0.0002005937733,0.00064833104,,,,,,
,35.945,14.378,4.16,29.54583147,14.07982038,0.0005739218333,0.0002571265667,0.0008310484,,,,,,
,24.288,9.7152,4.16,19.96408832,20.83741533,0.0003877984,0.00017374016,0.00056153856,,,,,,
,25.298,10.1192,4.16,20.79428139,20.00550018,0.0004039247333,0.0001809650267,0.00058488976,,,,,,
,30.807,12.3228,4.16,25.32253248,16.42805672,0.0004918851,0.00022037274,0.00071225784,,,,,,
,22.616,9.0464,4.16,18.58974891,22.37792463,0.0003611021333,0.0001617797867,0.00052288192,,,,,,
,25.935,10.374,4.16,21.3178784,19.51413702,0.0004140955,0.0001855217,0.0005996172,,,,,,
,22.008,8.8032,4.16,18.08998912,22.99614429,0.0003513944,0.00015743056,0.00050882496,,,,,,
,23.886,9.5544,4.16,19.63365504,21.18810783,0.0003813798,0.00017086452,0.00055224432,,,,,,
,33.264,13.3056,4.16,27.34212096,15.21462072,0.0005311152,0.00023794848,0.00076906368,,,,,,
,29.072,11.6288,4.16,23.89640875,17.40847357,0.0004641829333,0.0002079617067,0.00067214464,,,,,,
,24.983,9.9932,4.16,20.53535979,20.257741,0.0003988952333,0.0001787117267,0.00057760696,,,,,,
,32.508,13.0032,4.16,26.72070912,15.56844911,0.0005190444,0.00023254056,0.00075158496,,,,,,
,27.12,10.848,4.16,22.2919168,18.66147284,0.000433016,0.0001939984,0.0006270144,,,,,,
,25.935,10.374,4.16,21.3178784,19.51413702,0.0004140955,0.0001855217,0.0005996172,,,,,,
,,,,,,0,0,0,,,,,,
CM 10,28.18,2.818,4.16,17.71218393,23.48665764,0.0004499406667,0.00004199759333,0.00049193826,,,,,,
,41.24,4.124,4.16,25.92088238,16.04883638,0.0006584653333,0.00006146134667,0.00071992668,,,,,,
,33.83,3.383,4.16,21.26342024,19.56411505,0.0005401523333,0.00005041797667,0.00059057031,,,,,,
,27.756,2.7756,4.16,17.44568407,23.84543926,0.0004431708,0.000041365692,0.000484536492,,,,,,
,28.042,2.8042,4.16,17.62544577,23.60223993,0.0004477372667,0.00004179192733,0.000489529194,,,,,,
,35.945,3.5945,4.16,22.59277684,18.41296459,0.0005739218333,0.00005357003167,0.000627491865,,,,,,
,30.807,3.0807,4.16,19.36335168,21.48388393,0.0004918851,0.000045912699,0.000537797799,,,,,,
,33.264,3.3264,4.16,20.90766807,19.89700614,0.0005311152,0.000049574448,0.000580689648,,,,,,
,29.072,2.9072,4.16,18.27283929,22.76602959,0.0004641829333,0.00004332697067,0.000507509904,,,,,,
,32.508,3.2508,4.16,20.4324938,20.35972721,0.0005190444,0.000048447756,0.000567492156,,,,,,
,,,,,,0,0,0,,,,,,
CM 20,28.18,5.636,4.16,19.316492,21.53600147,0.0004499406667,0.00008399518667,0.0005339358533,,,,,,
,27.43,5.486,4.16,18.8023909,22.12484584,0.0004379656667,0.00008175968667,0.0005197253533,,,,,,
,41.24,8.248,4.16,28.26870582,14.71591953,0.0006584653333,0.0001229226933,0.0007813880267,,,,,,
,26.28,5.256,4.16,18.01410254,23.09301832,0.000419604,0.00007833192,0.00049793592,,,,,,
,33.83,6.766,4.16,23.18938695,17.93924095,0.0005401523333,0.0001008359533,0.0006409882867,,,,,,
,27.756,5.5512,4.16,19.02585351,21.86498492,0.0004431708,0.000082731384,0.000525902184,,,,,,
,26.955,5.391,4.16,18.47679353,22.51472904,0.0004303815,0.00008034387,0.00051072537,,,,,,
,28.042,5.6084,4.16,19.22189739,21.64198421,0.0004477372667,0.00008358385467,0.0005313211213,,,,,,
,35.945,7.189,4.16,24.63915205,16.88369791,0.0005739218333,0.0001071400633,0.0006810618967,,,,,,
,25.298,5.0596,4.16,17.34097284,23.98942689,0.0004039247333,0.00007540490533,0.0004793296387,,,,,,
,30.807,6.1614,4.16,21.11721678,19.69956573,0.0004918851,0.000091825398,0.000583710498,,,,,,
,25.935,5.187,4.16,17.77761604,23.40021289,0.0004140955,0.00007730359,0.00049139909,,,,,,
,33.264,6.6528,4.16,22.80141199,18.24448417,0.0005311152,0.000099148896,0.000630264096,,,,,,
,29.072,5.8144,4.16,19.92792957,20.87522432,0.0004641829333,0.00008665394133,0.0005508368747,,,,,,
,32.508,6.5016,4.16,22.28319808,18.6687745,0.0005190444,0.000096895512,0.000615939912,,,,,,
,27.12,5.424,4.16,18.58989578,22.37774784,0.000433016,0.00008083568,0.00051385168,,,,,,
,25.935,5.187,4.16,17.77761604,23.40021289,0.0004140955,0.00007730359,0.00049139909,,,,,,
,,,,,,0,0,0,,,,,,
CM 30,28.18,8.454,4.16,20.92080006,19.88451678,0.0004499406667,0.00012599278,0.0005759334467,,,,,,
,27.43,8.229,4.16,20.36400091,20.42820572,0.0004379656667,0.00012263953,0.0005606051967,,,,,,
,41.24,12.372,4.16,30.61652926,13.58743169,0.0006584653333,0.00018438404,0.0008428493733,,,,,,
,26.28,7.884,4.16,19.51024222,21.32213406,0.000419604,0.00011749788,0.00053710188,,,,,,
,33.83,10.149,4.16,25.11535366,16.56357325,0.0005401523333,0.00015125393,0.0006914062633,,,,,,
,27.756,8.3268,4.16,20.60602294,20.18827219,0.0004431708,0.000124097076,0.000567267876,,,,,,
,26.955,8.0865,4.16,20.01136145,20.7881908,0.0004303815,0.000120515805,0.000550897305,,,,,,
,23.429,7.0287,4.16,17.39366305,23.91675628,0.0003740830333,0.000104751059,0.0004788340923,,,,,,
,28.042,8.4126,4.16,20.81834902,19.98237226,0.0004477372667,0.000125375782,0.0005731130487,,,,,,
,35.945,10.7835,4.16,26.68552726,15.58897435,0.0005739218333,0.000160710095,0.0007346319283,,,,,,
,24.288,7.2864,4.16,18.03138367,23.07088616,0.0003877984,0.000108591648,0.000496390048,,,,,,
,25.298,7.5894,4.16,18.78120653,22.14980168,0.0004039247333,0.000113107358,0.0005170320913,,,,,,
,30.807,9.2421,4.16,22.87108189,18.18890781,0.0004918851,0.000137738097,0.000629623197,,,,,,
,25.935,7.7805,4.16,19.25411461,21.60577147,0.0004140955,0.000115955385,0.000530050885,,,,,,
,23.886,7.1658,4.16,17.73293933,23.45916784,0.0003813798,0.000106794306,0.000488174106,,,,,,
,33.264,9.9792,4.16,24.6951559,16.84540894,0.0005311152,0.000148723344,0.000679838544,,,,,,
,29.072,8.7216,4.16,21.58301985,19.27441122,0.0004641829333,0.000129980912,0.0005941638453,,,,,,
,24.983,7.4949,4.16,18.54735089,22.42907909,0.0003988952333,0.000111698993,0.0005105942263,,,,,,
,32.508,9.7524,4.16,24.13390236,17.23716264,0.0005190444,0.000145343268,0.000664387668,,,,,,
,27.12,8.136,4.16,20.13385726,20.66171397,0.000433016,0.00012125352,0.00055426952,,,,,,
,25.935,7.7805,4.16,19.25411461,21.60577147,0.0004140955,0.000115955385,0.000530050885,,,,,,
,,,,,,0,0,0,,,,,,
CM 40,28.18,11.272,4.16,22.52510813,18.46827983,0.0004499406667,0.0001679903733,0.00061793104,,,,,,
,27.43,10.972,4.16,21.92561093,18.97324555,0.0004379656667,0.0001635193733,0.00060148504,,,,,,
,41.24,16.496,4.16,32.9643527,12.61969266,0.0006584653333,0.0002458453867,0.00090431072,,,,,,
,26.28,10.512,4.16,21.00638189,19.80350554,0.000419604,0.00015666384,0.00057626784,,,,,,
,33.83,13.532,4.16,27.04132037,15.38386419,0.0005401523333,0.0002016719067,0.00074182424,,,,,,
,22.041,8.8164,4.16,17.61802371,23.612183,0.0003519213,0.000131393748,0.000483315048,,,,,,
,27.756,11.1024,4.16,22.18619238,18.75040083,0.0004431708,0.000165462768,0.000608633568,,,,,,
,26.955,10.782,4.16,21.54592937,19.30759137,0.0004303815,0.00016068774,0.00059106924,,,,,,
,22.4,8.96,4.16,17.90498304,23.2337556,0.0003576533333,0.0001335338667,0.0004911872,,,,,,
,23.429,9.3716,4.16,18.7274932,22.21333072,0.0003740830333,0.0001396680787,0.000513751112,,,,,,
,28.042,11.2168,4.16,22.41480064,18.55916573,0.0004477372667,0.0001671677093,0.000614904976,,,,,,
,35.945,14.378,4.16,28.73190247,14.47867925,0.0005739218333,0.0002142801267,0.00078820196,,,,,,
,24.288,9.7152,4.16,19.41411732,21.42770609,0.0003877984,0.000144788864,0.000532587264,,,,,,
,25.298,10.1192,4.16,20.22144022,20.57222411,0.0004039247333,0.0001508098107,0.000554734544,,,,,,
,30.807,12.3228,4.16,24.62494699,16.89343738,0.0004918851,0.000183650796,0.000675535896,,,,,,
,22.616,9.0464,4.16,18.07763823,23.01185557,0.0003611021333,0.0001348215147,0.000495923648,,,,,,
,25.935,10.374,4.16,20.73061318,20.06694141,0.0004140955,0.00015460718,0.00056870268,,,,,,
,22.008,8.8032,4.16,17.59164584,23.6475884,0.0003513944,0.000131197024,0.000482591424,,,,,,
,23.886,9.5544,4.16,19.09278683,21.78833314,0.0003813798,0.000142392408,0.000523772208,,,,,,
,33.264,13.3056,4.16,26.58889981,15.64562667,0.0005311152,0.000198297792,0.000729412992,,,,,,
,29.072,11.6288,4.16,23.23811013,17.90162787,0.0004641829333,0.0001733078827,0.000637490816,,,,,,
,24.983,9.9932,4.16,19.9696514,20.83161051,0.0003988952333,0.0001489319907,0.000547827224,,,,,,
,32.508,13.0032,4.16,25.98460664,16.00947845,0.0005190444,0.000193791024,0.000712835424,,,,,,
,27.12,10.848,4.16,21.67781875,19.19012262,0.000433016,0.00016167136,0.00059468736,,,,,,
,25.935,10.374,4.16,20.73061318,20.06694141,0.0004140955,0.00015460718,0.00056870268,,,,,,
,,,,,,0,0,0,,,,,,
DEE 10,28.18,2.818,4.16,17.41387797,23.88899249,0.0004499406667,0.00003348723333,0.0004834279,,,,,,
,41.24,4.124,4.16,25.48432673,16.32375869,0.0006584653333,0.00004900686667,0.0007074722,,,,,,
,33.83,3.383,4.16,20.90530488,19.89925535,0.0005401523333,0.00004020131667,0.00058035365,,,,,,
,35.945,3.5945,4.16,22.21227266,18.72838527,0.0005739218333,0.00004271464167,0.000616636475,,,,,,
,30.807,3.0807,4.16,19.03723699,21.85191055,0.0004918851,0.000036608985,0.000528494085,,,,,,
,33.264,3.3264,4.16,20.55554424,20.23784898,0.0005311152,0.00003952872,0.00057064392,,,,,,
,29.072,2.9072,4.16,17.96509085,23.15601983,0.0004641829333,0.00003454722667,0.00049873016,,,,,,
,32.508,3.2508,4.16,20.08837278,20.70849663,0.0005190444,0.00003863034,0.00055767474,,,,,,
,,,,,,0,0,0,,,,,,
DEE 20,28.18,5.636,4.16,18.71988007,22.22236459,0.0004499406667,0.00006697446667,0.0005169151333,,,,,,
,27.43,5.486,4.16,18.22165757,22.82997573,0.0004379656667,0.00006519196667,0.0005031576333,,,,,,
,41.24,8.248,4.16,27.39559453,15.18492324,0.0006584653333,0.00009801373333,0.0007564790667,,,,,,
,26.28,5.256,4.16,17.4577164,23.82900435,0.000419604,0.0000624588,0.0004820628,,,,,,
,33.83,6.766,4.16,22.47315623,18.51097352,0.0005401523333,0.00008040263333,0.0006205549667,,,,,,
,27.756,5.5512,4.16,18.43821828,22.56183291,0.0004431708,0.00006596676,0.00050913756,,,,,,
,26.955,5.391,4.16,17.90611665,23.23228471,0.0004303815,0.00006406305,0.00049444455,,,,,,
,28.042,5.6084,4.16,18.62820713,22.33172506,0.0004477372667,0.00006664648667,0.0005143837533,,,,,,
,35.945,7.189,4.16,23.87814368,17.4217898,0.0005739218333,0.00008542928333,0.0006593511167,,,,,,
,30.807,6.1614,4.16,20.46498741,20.32740073,0.0004918851,0.00007321797,0.00056510307,,,,,,
,33.264,6.6528,4.16,22.09716432,18.82594499,0.0005311152,0.00007905744,0.00061017264,,,,,,
,29.072,5.8144,4.16,19.31243269,21.54052815,0.0004641829333,0.00006909445333,0.0005332773867,,,,,,
,32.508,6.5016,4.16,21.59495604,19.26375767,0.0005190444,0.00007726068,0.00059630508,,,,,,
,27.12,5.424,4.16,18.0157256,23.09093784,0.000433016,0.0000644552,0.0004974712,,,,,,
,,,,,,0,0,0,,,,,,
DEE 30,28.18,8.454,4.16,20.02588217,20.77311734,0.0004499406667,0.0001004617,0.0005504023667,,,,,,
,27.43,8.229,4.16,19.49290092,21.34110268,0.0004379656667,0.00009778795,0.0005357536167,,,,,,
,41.24,12.372,4.16,29.30686233,14.1946277,0.0006584653333,0.0001470206,0.0008054859333,,,,,,
,26.28,7.884,4.16,18.675663,22.27497894,0.000419604,0.0000936882,0.0005132922,,,,,,
,33.83,10.149,4.16,24.04100758,17.30376726,0.0005401523333,0.00012060395,0.0006607562833,,,,,,
,27.756,8.3268,4.16,19.7245701,21.09044699,0.0004431708,0.00009895014,0.00054212094,,,,,,
,26.955,8.0865,4.16,19.15534612,21.71717479,0.0004303815,0.000096094575,0.000526476075,,,,,,
,28.042,8.4126,4.16,19.92781362,20.87534579,0.0004477372667,0.00009996973,0.0005477069967,,,,,,
,35.945,10.7835,4.16,25.54401471,16.28561543,0.0005739218333,0.000128143925,0.0007020657583,,,,,,
,25.298,7.5894,4.16,17.97781288,23.13963343,0.0004039247333,0.00009018737,0.0004941121033,,,,,,
,30.807,9.2421,4.16,21.89273782,19.00173488,0.0004918851,0.000109826955,0.000601712055,,,,,,
,25.935,7.7805,4.16,18.43049163,22.57129156,0.0004140955,0.000092458275,0.000506553775,,,,,,
,33.264,9.9792,4.16,23.6387844,17.59819765,0.0005311152,0.00011858616,0.00064970136,,,,,,
,29.072,8.7216,4.16,20.65977453,20.13574733,0.0004641829333,0.00010364168,0.0005678246133,,,,,,
,24.983,7.4949,4.16,17.75396076,23.43139121,0.0003988952333,0.000089064395,0.0004879596283,,,,,,
,32.508,9.7524,4.16,23.1015393,18.00745806,0.0005190444,0.00011589102,0.00063493542,,,,,,
,27.12,8.136,4.16,19.272602,21.58504596,0.000433016,0.0000966828,0.0005296988,,,,,,
,25.935,7.7805,4.16,18.43049163,22.57129156,0.0004140955,0.000092458275,0.000506553775,,,,,,
,,,,,,0,0,0,,,,,,
DEE 40,28.18,11.272,4.16,21.33188427,19.50132463,0.0004499406667,0.0001339489333,0.0005838896,,,,,,
,27.43,10.972,4.16,20.76414427,20.0345362,0.0004379656667,0.0001303839333,0.0005683496,,,,,,
,41.24,16.496,4.16,31.21813013,13.32558991,0.0006584653333,0.0001960274667,0.0008544928,,,,,,
,26.28,10.512,4.16,19.8936096,20.91123775,0.000419604,0.0001249176,0.0005445216,,,,,,
,33.83,13.532,4.16,25.60885893,16.2443786,0.0005401523333,0.0001608052667,0.0007009576,,,,,,
,27.756,11.1024,4.16,21.01092192,19.7992264,0.0004431708,0.00013193352,0.00057510432,,,,,,
,26.955,10.782,4.16,20.4045756,20.38758405,0.0004303815,0.0001281261,0.0005585076,,,,,,
,23.429,9.3716,4.16,17.73544061,23.45585932,0.0003740830333,0.0001113658467,0.00048544888,,,,,,
,28.042,11.2168,4.16,21.22742011,19.59729434,0.0004477372667,0.0001332929733,0.00058103024,,,,,,
,35.945,14.378,4.16,27.20988573,15.28856108,0.0005739218333,0.0001708585667,0.0007447804,,,,,,
,24.288,9.7152,4.16,18.38569216,22.62628986,0.0003877984,0.00011544896,0.00050324736,,,,,,
,25.298,10.1192,4.16,19.15024869,21.72295549,0.0004039247333,0.0001202498267,0.00052417456,,,,,,
,30.807,12.3228,4.16,23.32048824,17.83839153,0.0004918851,0.00014643594,0.00063832104,,,,,,
,25.935,10.374,4.16,19.6324492,21.18940922,0.0004140955,0.0001232777,0.0005373732,,,,,,
,23.886,9.5544,4.16,18.08138352,23.00708901,0.0003813798,0.00011353812,0.00049491792,,,,,,
,33.264,13.3056,4.16,25.18040448,16.52078307,0.0005311152,0.00015811488,0.00068923008,,,,,,
,29.072,11.6288,4.16,22.00711637,18.90297633,0.0004641829333,0.0001381889067,0.00060237184,,,,,,
,24.983,9.9932,4.16,18.91179789,21.99685098,0.0003988952333,0.0001187525267,0.00051764776,,,,,,
,32.508,13.0032,4.16,24.60812256,16.90498733,0.0005190444,0.00015452136,0.00067356576,,,,,,
,27.12,10.848,4.16,20.5294784,20.26354454,0.000433016,0.0001289104,0.0005619264,,,,,,
,25.935,10.374,4.16,19.6324492,21.18940922,0.0004140955,0.0001232777,0.0005373732,,,,,,
,,,,,,0,0,0,,,,,,
DIESEL 10,28.18,2.818,4.16,17.78458587,23.39104228,0.0004499406667,0.000039452,0.0004893926667,,,,,,
,41.24,4.124,4.16,26.02683893,15.98350076,0.0006584653333,0.000057736,0.0007162013333,,,,,,
,33.83,3.383,4.16,21.35033853,19.48446856,0.0005401523333,0.000047362,0.0005875143333,,,,,,
,27.756,2.7756,4.16,17.51699664,23.74836329,0.0004431708,0.0000388584,0.0004820292,,,,,,
,28.042,2.8042,4.16,17.69749315,23.50615404,0.0004477372667,0.0000392588,0.0004869960667,,,,,,
,35.945,3.5945,4.16,22.68512913,18.33800449,0.0005739218333,0.000050323,0.0006242448333,,,,,,
,30.807,3.0807,4.16,19.44250308,21.39642197,0.0004918851,0.0000431298,0.0005350149,,,,,,
,33.264,3.3264,4.16,20.99313216,19.81600444,0.0005311152,0.0000465696,0.0005776848,,,,,,
,29.072,2.9072,4.16,18.34753301,22.67334795,0.0004641829333,0.0000407008,0.0005048837333,,,,,,
,32.508,3.2508,4.16,20.51601552,20.27684175,0.0005190444,0.0000455112,0.0005645556,,,,,,
,,,,,,0,0,0,,,,,,
DIESEL 20,28.18,5.636,4.16,19.46129587,21.37576053,0.0004499406667,0.000078904,0.0005288446667,,,,,,
,27.43,5.486,4.16,18.94334087,21.96022354,0.0004379656667,0.000076804,0.0005147696667,,,,,,
,41.24,8.248,4.16,28.48061893,14.60642414,0.0006584653333,0.000115472,0.0007739373333,,,,,,
,26.28,5.256,4.16,18.1491432,22.92119222,0.000419604,0.000073584,0.000493188,,,,,,
,33.83,6.766,4.16,23.36322353,17.80576209,0.0005401523333,0.000094724,0.0006348763333,,,,,,
,27.756,5.5512,4.16,19.16847864,21.70229614,0.0004431708,0.0000777168,0.0005208876,,,,,,
,26.955,5.391,4.16,18.6153027,22.34720577,0.0004303815,0.000075474,0.0005058555,,,,,,
,28.042,5.6084,4.16,19.36599215,21.4809547,0.0004477372667,0.0000785176,0.0005262548667,,,,,,
,35.945,7.189,4.16,24.82385663,16.75807294,0.0005739218333,0.000100646,0.0006745678333,,,,,,
,25.298,5.0596,4.16,17.47096745,23.81093097,0.0004039247333,0.0000708344,0.0004747591333,,,,,,
,30.807,6.1614,4.16,21.27551958,19.55298899,0.0004918851,0.0000862596,0.0005781447,,,,,,
,25.935,5.187,4.16,17.9108839,23.22610109,0.0004140955,0.000072618,0.0004867135,,,,,,
,33.264,6.6528,4.16,22.97234016,18.10873412,0.0005311152,0.0000931392,0.0006242544,,,,,,
,29.072,5.8144,4.16,20.07731701,20.71989996,0.0004641829333,0.0000814016,0.0005455845333,,,,,,
,32.508,6.5016,4.16,22.45024152,18.52986747,0.0005190444,0.0000910224,0.0006100668,,,,,,
,27.12,5.424,4.16,18.7292528,22.21124379,0.000433016,0.000075936,0.000508952,,,,,,
,25.935,5.187,4.16,17.9108839,23.22610109,0.0004140955,0.000072618,0.0004867135,,,,,,
,,,,,,0,0,0,,,,,,
DIESEL 30,28.18,8.454,4.16,21.13800587,19.68019134,0.0004499406667,0.000118356,0.0005682966667,,,,,,
,27.43,8.229,4.16,20.57542587,20.21829355,0.0004379656667,0.000115206,0.0005531716667,,,,,,
,41.24,12.372,4.16,30.93439893,13.44781261,0.0006584653333,0.000173208,0.0008316733333,,,,,,
,26.28,7.884,4.16,19.7128032,21.10303622,0.000419604,0.000110376,0.00052998,,,,,,
,33.83,10.149,4.16,25.37610853,16.39337251,0.0005401523333,0.000142086,0.0006822383333,,,,,,
,27.756,8.3268,4.16,20.81996064,19.98082548,0.0004431708,0.0001165752,0.000559746,,,,,,
,26.955,8.0865,4.16,20.2191252,20.57457956,0.0004303815,0.000113211,0.0005435925,,,,,,
,23.429,7.0287,4.16,17.57424909,23.67099714,0.0003740830333,0.0000984018,0.0004724848333,,,,,,
,28.042,8.4126,4.16,21.03449115,19.77704129,0.0004477372667,0.0001177764,0.0005655136667,,,,,,
,35.945,10.7835,4.16,26.96258413,15.4287882,0.0005739218333,0.000150969,0.0007248908333,,,,,,
,24.288,7.2864,4.16,18.21859072,22.83381884,0.0003877984,0.0001020096,0.000489808,,,,,,
,25.298,7.5894,4.16,18.97619845,21.92219907,0.0004039247333,0.0001062516,0.0005101763333,,,,,,
,30.807,9.2421,4.16,23.10853608,18.00200578,0.0004918851,0.0001293894,0.0006212745,,,,,,
,25.935,7.7805,4.16,19.4540164,21.38375909,0.0004140955,0.000108927,0.0005230225,,,,,,
,23.886,7.1658,4.16,17.91704784,23.21811069,0.0003813798,0.0001003212,0.000481701,,,,,,
,33.264,9.9792,4.16,24.95154816,16.67231217,0.0005311152,0.0001397088,0.000670824,,,,,,
,29.072,8.7216,4.16,21.80710101,19.07635498,0.0004641829333,0.0001221024,0.0005862853333,,,,,,
,24.983,7.4949,4.16,18.73991485,22.19860673,0.0003988952333,0.0001049286,0.0005038238333,,,,,,
,32.508,9.7524,4.16,24.38446752,17.06004036,0.0005190444,0.0001365336,0.000655578,,,,,,
,27.12,8.136,4.16,20.3428928,20.44940236,0.000433016,0.000113904,0.00054692,,,,,,
,25.935,7.7805,4.16,19.4540164,21.38375909,0.0004140955,0.000108927,0.0005230225,,,,,,
,,,,,,0,0,0,,,,,,
DIESEL 40,28.18,11.272,4.16,22.81471587,18.23384531,0.0004499406667,0.000157808,0.0006077486667,,,,,,
,27.43,10.972,4.16,22.20751087,18.73240106,0.0004379656667,0.000153608,0.0005915736667,,,,,,
,41.24,16.496,4.16,33.38817893,12.45949954,0.0006584653333,0.000230944,0.0008894093333,,,,,,
,26.28,10.512,4.16,21.2764632,19.5521218,0.000419604,0.000147168,0.000566772,,,,,,
,33.83,13.532,4.16,27.38899353,15.18858294,0.0005401523333,0.000189448,0.0007296003333,,,,,,
,22.041,8.8164,4.16,17.84454054,23.31245229,0.0003519213,0.0001234296,0.0004753509,,,,,,
,27.756,11.1024,4.16,22.47144264,18.5123851,0.0004431708,0.0001554336,0.0005986044,,,,,,
,26.955,10.782,4.16,21.8229477,19.06250273,0.0004303815,0.000150948,0.0005813295,,,,,,
,22.4,8.96,4.16,18.13518933,22.93882861,0.0003576533333,0.00012544,0.0004830933333,,,,,,
,23.429,9.3716,4.16,18.96827459,21.93135691,0.0003740830333,0.0001312024,0.0005052854333,,,,,,
,21.522,8.6088,4.16,17.42435468,23.8746288,0.0003436346,0.0001205232,0.0004641578,,,,,,
,28.042,11.2168,4.16,22.70299015,18.32357752,0.0004477372667,0.0001570352,0.0006047724667,,,,,,
,35.945,14.378,4.16,29.10131163,14.29488833,0.0005739218333,0.000201292,0.0007752138333,,,,,,
,24.288,9.7152,4.16,19.66372672,21.15570491,0.0003877984,0.0001360128,0.0005238112,,,,,,
,25.298,10.1192,4.16,20.48142945,20.31108234,0.0004039247333,0.0001416688,0.0005455935333,,,,,,
,30.807,12.3228,4.16,24.94155258,16.67899377,0.0004918851,0.0001725192,0.0006644043,,,,,,
,22.616,9.0464,4.16,18.31006437,22.71974536,0.0003611021333,0.0001266496,0.0004877517333,,,,,,
,25.935,10.374,4.16,20.9971489,19.81221365,0.0004140955,0.000145236,0.0005593315,,,,,,
,22.008,8.8032,4.16,17.81782352,23.34740826,0.0003513944,0.0001232448,0.0004746392,,,,,,
,23.886,9.5544,4.16,19.33826484,21.51175421,0.0003813798,0.0001337616,0.0005151414,,,,,,
,33.264,13.3056,4.16,26.93075616,15.44702264,0.0005311152,0.0001862784,0.0007173936,,,,,,
,29.072,11.6288,4.16,23.53688501,17.67438638,0.0004641829333,0.0001628032,0.0006269861333,,,,,,
,24.983,9.9932,4.16,20.22640335,20.56717612,0.0003988952333,0.0001399048,0.0005388000333,,,,,,
,32.508,13.0032,4.16,26.31869352,15.80625572,0.0005190444,0.0001820448,0.0007010892,,,,,,
,27.12,10.848,4.16,21.9565328,18.94652511,0.000433016,0.000151872,0.000584888,,,,,,
,25.935,10.374,4.16,20.9971489,19.81221365,0.0004140955,0.000145236,0.0005593315,,,,,,
,,,,,,0,0,0,,,,,,
,,,,,,0,0,0,,,,,,
ethanol 10,41.24,4.124,4.16,25.02285113,16.62480418,0.0006584653333,0.00005429933333,0.0007127646667,,,,,,
,33.83,3.383,4.16,20.52674718,20.26624074,0.0005401523333,0.00004454283333,0.0005846951667,,,,,,
,35.945,3.5945,4.16,21.81004811,19.07377728,0.0005739218333,0.00004732758333,0.0006212494167,,,,,,
,30.807,3.0807,4.16,18.69250666,22.25490714,0.0004918851,0.00004056255,0.00053244765,,,,,,
,33.264,3.3264,4.16,20.18332008,20.61107877,0.0005311152,0.0000437976,0.0005749128,,,,,,
,29.072,2.9072,4.16,17.63977517,23.58306701,0.0004641829333,0.00003827813333,0.0005024610667,,,,,,
,32.508,3.2508,4.16,19.72460826,21.09040618,0.0005190444,0.0000428022,0.0005618466,,,,,,
,,,,,,0,0,0,,,,,,
ethanol 20,28.18,5.636,4.16,18.08921167,22.99713264,0.0004499406667,0.00007420733333,0.000524148,,,,,,
,27.43,5.486,4.16,17.60777417,23.62592773,0.0004379656667,0.00007223233333,0.000510198,,,,,,
,41.24,8.248,4.16,26.47264333,15.71433554,0.0006584653333,0.0001085986667,0.000767064,,,,,,
,33.83,6.766,4.16,21.71604083,19.15634637,0.0005401523333,0.00008908566667,0.000629238,,,,,,
,27.756,5.5512,4.16,17.817039,23.34843629,0.0004431708,0.0000730908,0.0005162616,,,,,,
,28.042,5.6084,4.16,18.00062717,23.11030589,0.0004477372667,0.00007384393333,0.0005215812,,,,,,
,35.945,7.189,4.16,23.07369458,18.02918898,0.0005739218333,0.00009465516667,0.000668577,,,,,,
,30.807,6.1614,4.16,19.77552675,21.03610211,0.0004918851,0.0000811251,0.0005730102,,,,,,
,33.264,6.6528,4.16,21.352716,19.48229911,0.0005311152,0.0000875952,0.0006187104,,,,,,
,29.072,5.8144,4.16,18.66180133,22.29152441,0.0004641829333,0.00007655626667,0.0005407392,,,,,,
,32.508,6.5016,4.16,20.867427,19.93537584,0.0005190444,0.0000856044,0.0006046488,,,,,,
,27.12,5.424,4.16,17.40878,23.89598812,0.000433016,0.000071416,0.000504432,,,,,,
,,,,,,0,0,0,,,,,,
ethanol 30,28.18,8.454,4.16,19.07987957,21.80307263,0.0004499406667,0.000111311,0.0005612516667,,,,,,
,27.43,8.229,4.16,18.57207582,22.39921935,0.0004379656667,0.0001083485,0.0005463141667,,,,,,
,41.24,12.372,4.16,27.92243553,14.89841384,0.0006584653333,0.000162898,0.0008213633333,,,,,,
,26.28,7.884,4.16,17.7934434,23.37939828,0.000419604,0.000103806,0.00052341,,,,,,
,33.83,10.149,4.16,22.90533448,18.16170815,0.0005401523333,0.0001336285,0.0006737808333,,,,,,
,27.756,8.3268,4.16,18.79280118,22.13613585,0.0004431708,0.0001096362,0.000552807,,,,,,
,26.955,8.0865,4.16,18.25046678,22.79393755,0.0004303815,0.00010647225,0.00053685375,,,,,,
,28.042,8.4126,4.16,18.98644368,21.91036969,0.0004477372667,0.0001107659,0.0005585031667,,,,,,
,35.945,10.7835,4.16,24.33734106,17.09307516,0.0005739218333,0.00014198275,0.0007159045833,,,,,,
,30.807,9.2421,4.16,20.85854683,19.94386298,0.0004918851,0.00012168765,0.00061357275,,,,,,
,25.935,7.7805,4.16,17.55985368,23.69040242,0.0004140955,0.00010244325,0.00051653875,,,,,,
,33.264,9.9792,4.16,22.52211192,18.47073674,0.0005311152,0.0001313928,0.000662508,,,,,,
,29.072,8.7216,4.16,19.68382749,21.13410109,0.0004641829333,0.0001148344,0.0005790173333,,,,,,
,32.508,9.7524,4.16,22.01024574,18.90028875,0.0005190444,0.0001284066,0.000647451,,,,,,
,27.12,8.136,4.16,18.3621836,22.65525762,0.000433016,0.000107124,0.00054014,,,,,,
,25.935,7.7805,4.16,17.55985368,23.69040242,0.0004140955,0.00010244325,0.00051653875,,,,,,
,,,,,,0,0,0,,,,,,
,,,,,,0,0,0,,,,,,
ethanol 40,28.18,11.272,4.16,20.07054747,20.72688853,0.0004499406667,0.0001484146667,0.0005983553333,,,,,,
,27.43,10.972,4.16,19.53637747,21.29360987,0.0004379656667,0.0001444646667,0.0005824303333,,,,,,
,41.24,16.496,4.16,29.37222773,14.16303876,0.0006584653333,0.0002171973333,0.0008756626667,,,,,,
,26.28,10.512,4.16,18.7173168,22.22540786,0.000419604,0.000138408,0.000558012,,,,,,
,33.83,13.532,4.16,24.09462813,17.2652592,0.0005401523333,0.0001781713333,0.0007183236667,,,,,,
,27.756,11.1024,4.16,19.76856336,21.04351199,0.0004431708,0.0001461816,0.0005893524,,,,,,
,26.955,10.782,4.16,19.1980698,21.66884506,0.0004303815,0.000141963,0.0005723445,,,,,,
,28.042,11.2168,4.16,19.97226019,20.82888948,0.0004477372667,0.0001476878667,0.0005954251333,,,,,,
,35.945,14.378,4.16,25.60098753,16.24937317,0.0005739218333,0.0001893103333,0.0007632321667,,,,,,
,25.298,10.1192,4.16,18.01791021,23.08813814,0.0004039247333,0.0001332361333,0.0005371608667,,,,,,
,30.807,12.3228,4.16,21.94156692,18.95944813,0.0004918851,0.0001622502,0.0006541353,,,,,,
,25.935,10.374,4.16,18.4715986,22.52106106,0.0004140955,0.000136591,0.0005506865,,,,,,
,33.264,13.3056,4.16,23.69150784,17.55903435,0.0005311152,0.0001751904,0.0007063056,,,,,,
,29.072,11.6288,4.16,20.70585365,20.09093694,0.0004641829333,0.0001531125333,0.0006172954667,,,,,,
,24.983,9.9932,4.16,17.79355881,23.37924663,0.0003988952333,0.0001315771333,0.0005304723667,,,,,,
,32.508,13.0032,4.16,23.15306448,17.96738399,0.0005190444,0.0001712088,0.0006902532,,,,,,
,27.12,10.848,4.16,19.3155872,21.53701028,0.000433016,0.000142832,0.000575848,,,,,,
,25.935,10.374,4.16,18.4715986,22.52106106,0.0004140955,0.000136591,0.0005506865,,,,,,